;26/11/2025;25/11/2025;24/11/2025;21/11/2025;20/11/2025;19/11/2025;18/11/2025;17/11/2025;14/11/2025;13/11/2025;12/11/2025;11/11/2025;10/11/2025;07/11/2025;06/11/2025;05/11/2025;04/11/2025;03/11/2025;31/10/2025;30/10/2025;29/10/2025;28/10/2025;27/10/2025;24/10/2025;23/10/2025;22/10/2025;21/10/2025;20/10/2025;17/10/2025;16/10/2025;15/10/2025;14/10/2025;13/10/2025;10/10/2025;09/10/2025;08/10/2025;07/10/2025;06/10/2025;03/10/2025;02/10/2025;01/10/2025;30/09/2025;29/09/2025;26/09/2025;25/09/2025;24/09/2025;23/09/2025;22/09/2025;19/09/2025;18/09/2025;17/09/2025;16/09/2025;15/09/2025;12/09/2025;11/09/2025;10/09/2025;09/09/2025;08/09/2025;05/09/2025;04/09/2025;03/09/2025;02/09/2025;29/08/2025;28/08/2025;27/08/2025;26/08/2025;25/08/2025;22/08/2025;21/08/2025;20/08/2025;19/08/2025;18/08/2025;15/08/2025;14/08/2025
NVDA; $180,26 ; $177,82 ; $182,55 ; $178,88 ; $180,64 ; $186,52 ; $181,36 ; $186,60 ; $190,17 ; $186,86 ; $193,80 ; $193,16 ; $199,05 ; $188,15 ; $188,08 ; $195,21 ; $198,69 ; $206,88 ; $46,27 ; $202,89 ; $207,04 ; $8,24 ; $191,49 ; $186,26 ; $182,16 ; $180,28 ; $181,16 ; $182,64 ; $183,22 ; $181,81 ; $179,83 ; $180,03 ; $188,32 ; $183,16 ; $192,57 ; $189,11 ; $185,04 ; $185,54 ; $187,62 ; $188,89 ; $187,24 ; $186,58 ; $181,85 ; $7,50 ; $177,69 ; $176,97 ; $178,43 ; $183,61 ; $176,67 ; $176,24 ; $170,29 ; $174,88 ; $177,75 ; $177,82 ; $177,17 ; $7,32 ; $170,76 ; $168,31 ; $167,02 ; $171,66 ; $170,62 ; $170,78 ; $174,18 ; $180,17 ; $181,60 ; $181,77 ; $179,81 ; $177,99 ; $174,98 ; $175,40 ; $175,64 ; $182,01 ; $180,45 ; $182,02 
AAPL; $277,55 ; $276,97 ; $275,92 ; $271,49 ; $266,25 ; $268,56 ; $267,44 ; $267,46 ; $272,41 ; $272,95 ; $273,47 ; $275,25 ; $269,43 ; $268,47 ; $269,77 ; $270,14 ; $270,04 ; $269,05 ; $270,37 ; $271,40 ; $269,70 ; $269,00 ; $268,81 ; $262,82 ; $259,58 ; $258,45 ; $262,77 ; $262,24 ; $252,29 ; $247,45 ; $249,34 ; $247,77 ; $247,66 ; $245,27 ; $254,04 ; $258,06 ; $256,48 ; $256,69 ; $258,02 ; $257,13 ; $255,45 ; $254,63 ; $254,43 ; $255,46 ; $256,87 ; $252,31 ; $254,43 ; $256,08 ; $245,50 ; $237,88 ; $238,99 ; $238,15 ; $236,70 ; $234,07 ; $230,03 ; $226,79 ; $234,35 ; $237,88 ; $239,69 ; $239,78 ; $238,47 ; $229,72 ; $232,14 ; $232,56 ; $230,49 ; $229,31 ; $227,16 ; $227,76 ; $224,90 ; $226,01 ; $230,56 ; $230,89 ; $231,59 ; $232,78 
MSFT; $485,50 ; $476,99 ; $474,00 ; $472,12 ; $478,43 ; $487,12 ; $493,79 ; $507,49 ; $510,18 ; $503,29 ; $511,14 ; $508,68 ; $506,00 ; $496,82 ; $497,10 ; $507,16 ; $514,33 ; $517,03 ; $517,81 ; $525,76 ; $541,55 ; $542,07 ; $531,52 ; $523,61 ; $520,56 ; $520,54 ; $517,66 ; $516,79 ; $513,58 ; $511,61 ; $513,43 ; $513,57 ; $514,05 ; $510,96 ; $522,40 ; $524,85 ; $523,98 ; $528,57 ; $517,35 ; $515,74 ; $519,71 ; $517,95 ; $514,60 ; $511,46 ; $507,03 ; $510,15 ; $509,23 ; $514,45 ; $517,93 ; $508,45 ; $510,02 ; $509,04 ; $515,36 ; $509,90 ; $501,01 ; $500,37 ; $498,41 ; $498,20 ; $495,00 ; $507,97 ; $505,35 ; $505,12 ; $506,69 ; $509,64 ; $506,74 ; $502,04 ; $504,26 ; $507,23 ; $504,24 ; $505,72 ; $509,77 ; $517,10 ; $520,17 ; $522,48 
GOOG; $320,28 ; $323,64 ; $318,47 ; $299,65 ; $289,98 ; $292,99 ; $284,96 ; $285,60 ; $276,98 ; $279,12 ; $287,43 ; $291,74 ; $290,59 ; $279,70 ; $285,34 ; $284,75 ; $278,06 ; $284,12 ; $281,82 ; $281,90 ; $275,17 ; $268,43 ; $269,93 ; $260,51 ; $253,73 ; $252,53 ; $251,34 ; $257,02 ; $253,79 ; $251,88 ; $251,71 ; $246,19 ; $244,64 ; $237,49 ; $242,21 ; $245,46 ; $247,13 ; $251,51 ; $246,45 ; $246,43 ; $245,54 ; $243,55 ; $244,36 ; $247,18 ; $246,57 ; $247,83 ; $252,34 ; $252,88 ; $255,24 ; $252,33 ; $249,85 ; $251,42 ; $251,76 ; $241,38 ; $240,78 ; $239,56 ; $239,94 ; $234,16 ; $235,17 ; $232,66 ; $231,10 ; $211,99 ; $213,53 ; $212,37 ; $208,21 ; $207,95 ; $209,16 ; $206,72 ; $200,62 ; $200,19 ; $202,49 ; $204,29 ; $204,91 ; $203,82 
AMZN; $229,16 ; $229,67 ; $226,28 ; $220,69 ; $217,14 ; $222,69 ; $222,55 ; $232,87 ; $234,69 ; $237,58 ; $244,20 ; $249,10 ; $248,40 ; $244,41 ; $243,04 ; $250,20 ; $249,32 ; $254,00 ; $244,22 ; $222,86 ; $230,30 ; $229,25 ; $226,97 ; $224,21 ; $221,09 ; $217,95 ; $222,03 ; $216,48 ; $213,04 ; $214,47 ; $215,57 ; $216,39 ; $220,07 ; $216,37 ; $227,74 ; $225,22 ; $221,78 ; $220,90 ; $219,51 ; $222,41 ; $220,63 ; $219,57 ; $222,17 ; $219,78 ; $218,15 ; $220,21 ; $220,71 ; $227,63 ; $231,48 ; $231,23 ; $231,62 ; $234,05 ; $231,43 ; $228,15 ; $229,95 ; $230,33 ; $238,24 ; $235,84 ; $232,33 ; $235,68 ; $225,99 ; $225,34 ; $229,00 ; $231,60 ; $229,12 ; $228,71 ; $227,94 ; $228,84 ; $221,95 ; $223,81 ; $228,01 ; $231,49 ; $231,03 ; $230,98 
AVGO; $397,57 ; $385,03 ; $377,96 ; $340,20 ; $346,82 ; $354,42 ; $340,50 ; $342,65 ; $342,46 ; $339,98 ; $355,22 ; $351,96 ; $358,39 ; $349,43 ; $355,59 ; $358,98 ; $351,94 ; $362,55 ; $369,63 ; $376,47 ; $385,98 ; $372,97 ; $362,05 ; $354,13 ; $344,29 ; $340,30 ; $342,66 ; $349,24 ; $349,33 ; $354,15 ; $351,33 ; $344,13 ; $356,70 ; $324,63 ; $345,02 ; $345,50 ; $336,41 ; $335,49 ; $338,37 ; $338,18 ; $333,39 ; $329,91 ; $327,90 ; $334,53 ; $336,10 ; $339,31 ; $338,94 ; $338,79 ; $344,94 ; $345,35 ; $346,17 ; $360,00 ; $364,09 ; $359,87 ; $359,63 ; $369,57 ; $336,67 ; $345,65 ; $334,89 ; $306,10 ; $302,39 ; $298,24 ; $297,39 ; $308,65 ; $300,25 ; $298,01 ; $294,23 ; $294,00 ; $289,60 ; $291,17 ; $294,91 ; $305,76 ; $306,34 ; $311,23 
META; $633,61 ; $636,22 ; $613,05 ; $594,25 ; $589,15 ; $590,32 ; $597,69 ; $602,01 ; $609,46 ; $609,89 ; $609,01 ; $627,08 ; $631,76 ; $621,71 ; $618,94 ; $635,95 ; $627,32 ; $637,71 ; $648,35 ; $666,47 ; $751,67 ; $751,44 ; $750,82 ; $738,36 ; $734,00 ; $733,41 ; $733,27 ; $732,17 ; $716,92 ; $712,07 ; $717,55 ; $708,65 ; $715,70 ; $705,30 ; $733,51 ; $717,84 ; $713,08 ; $715,66 ; $710,56 ; $727,05 ; $717,34 ; $734,38 ; $743,40 ; $743,75 ; $748,91 ; $760,66 ; $755,40 ; $765,16 ; $778,38 ; $780,25 ; $775,72 ; $779,00 ; $764,70 ; $755,59 ; $750,90 ; $751,98 ; $765,70 ; $752,30 ; $752,45 ; $748,65 ; $737,05 ; $735,11 ; $738,70 ; $751,11 ; $747,38 ; $754,10 ; $753,30 ; $754,79 ; $739,10 ; $747,72 ; $751,48 ; $767,37 ; $785,23 ; $782,13 
BRK.B; $511,23 ; $508,57 ; $507,81 ; $504,04 ; $501,12 ; $501,26 ; $504,37 ; $503,26 ; $508,94 ; $513,11 ; $502,40 ; $497,07 ; $496,98 ; $499,06 ; $493,15 ; $488,77 ; $487,66 ; $475,68 ; $477,54 ; $478,52 ; $475,76 ; $481,44 ; $488,07 ; $492,10 ; $490,16 ; $491,81 ; $491,29 ; $494,08 ; $492,42 ; $488,81 ; $496,39 ; $495,97 ; $491,93 ; $489,13 ; $496,74 ; $499,84 ; $502,30 ; $500,02 ; $498,75 ; $495,92 ; $498,20 ; $502,74 ; $499,25 ; $500,03 ; $494,96 ; $497,09 ; $494,10 ; $493,71 ; $492,85 ; $490,50 ; $492,33 ; $490,99 ; $491,54 ; $493,74 ; $496,91 ; $490,08 ; $492,72 ; $493,78 ; $499,77 ; $506,91 ; $501,49 ; $501,14 ; $502,98 ; $499,86 ; $495,72 ; $492,21 ; $486,18 ; $489,00 ; $488,59 ; $488,68 ; $485,31 ; $478,52 ; $477,20 ; $479,22 
TSLA; $426,58 ; $419,40 ; $417,78 ; $391,09 ; $395,23 ; $403,99 ; $401,25 ; $408,92 ; $404,35 ; $401,99 ; $430,60 ; $439,62 ; $445,23 ; $429,52 ; $445,91 ; $462,07 ; $444,26 ; $468,37 ; $456,56 ; $440,10 ; $461,51 ; $460,55 ; $452,42 ; $433,72 ; $448,98 ; $438,97 ; $442,60 ; $447,43 ; $439,31 ; $428,75 ; $435,15 ; $429,24 ; $435,90 ; $413,49 ; $435,54 ; $438,69 ; $433,09 ; $453,25 ; $429,83 ; $436,00 ; $459,46 ; $444,72 ; $443,21 ; $440,40 ; $423,39 ; $442,79 ; $425,85 ; $434,21 ; $426,07 ; $416,85 ; $425,86 ; $421,62 ; $410,04 ; $395,94 ; $368,81 ; $347,79 ; $346,97 ; $346,40 ; $350,84 ; $338,53 ; $334,09 ; $329,36 ; $333,87 ; $345,98 ; $349,60 ; $351,67 ; $346,60 ; $340,01 ; $320,11 ; $323,90 ; $329,31 ; $335,16 ; $330,56 ; $335,58 
LLY; $1.104,34 ; $1.109,94 ; $1.070,16 ; $1.059,70 ; $1.043,29 ; $1.049,60 ; $1.030,05 ; $1.021,70 ; $1.025,28 ; $1.022,87 ; $1.017,78 ; $988,62 ; $966,64 ; $924,37 ; $937,44 ; $925,81 ; $906,86 ; $896,53 ; $862,86 ; $844,50 ; $813,53 ; $820,10 ; $826,41 ; $825,45 ; $821,04 ; $812,43 ; $799,57 ; $808,96 ; $802,83 ; $819,38 ; $826,57 ; $812,35 ; $819,40 ; $833,49 ; $855,35 ; $845,72 ; $843,63 ; $845,05 ; $839,87 ; $819,85 ; $825,42 ; $763,00 ; $726,51 ; $724,54 ; $714,59 ; $741,85 ; $746,98 ; $754,95 ; $751,99 ; $762,93 ; $760,13 ; $764,71 ; $748,19 ; $755,39 ; $756,28 ; $754,62 ; $750,61 ; $738,64 ; $727,21 ; $742,91 ; $737,83 ; $735,19 ; $732,58 ; $731,96 ; $734,17 ; $736,03 ; $695,33 ; $711,68 ; $709,82 ; $705,44 ; $703,21 ; $698,05 ; $701,23 ; $684,43 
WMT; $109,10 ; $107,00 ; $104,06 ; $105,32 ; $107,11 ; $100,61 ; $101,39 ; $102,95 ; $102,48 ; $102,54 ; $103,44 ; $103,44 ; $102,42 ; $102,59 ; $101,68 ; $101,47 ; $102,27 ; $101,59 ; $101,18 ; $102,23 ; $102,46 ; $103,17 ; $104,47 ; $106,17 ; $106,86 ; $107,14 ; $106,22 ; $107,05 ; $107,73 ; $106,47 ; $109,03 ; $107,21 ; $102,12 ; $101,84 ; $101,77 ; $102,90 ; $103,24 ; $102,70 ; $102,07 ; $101,70 ; $101,96 ; $103,06 ; $103,08 ; $103,16 ; $103,05 ; $102,73 ; $102,52 ; $102,82 ; $102,33 ; $103,60 ; $104,27 ; $103,42 ; $103,69 ; $103,49 ; $102,65 ; $100,41 ; $102,29 ; $102,28 ; $100,51 ; $100,93 ; $99,44 ; $97,85 ; $96,98 ; $96,11 ; $96,08 ; $96,05 ; $96,07 ; $96,83 ; $97,96 ; $102,57 ; $101,29 ; $100,70 ; $100,00 ; $100,85 
JPM; $307,64 ; $303,00 ; $298,00 ; $298,02 ; $298,38 ; $303,27 ; $299,41 ; $300,37 ; $303,61 ; $309,48 ; $320,41 ; $315,62 ; $316,89 ; $314,21 ; $313,42 ; $311,68 ; $309,25 ; $309,35 ; $311,12 ; $309,44 ; $305,51 ; $305,36 ; $304,15 ; $300,44 ; $294,54 ; $294,11 ; $297,09 ; $302,36 ; $297,56 ; $298,54 ; $305,69 ; $302,08 ; $307,97 ; $300,89 ; $305,53 ; $304,03 ; $307,69 ; $309,18 ; $310,03 ; $307,55 ; $310,71 ; $315,43 ; $315,69 ; $316,06 ; $313,45 ; $313,42 ; $312,74 ; $312,44 ; $314,78 ; $313,23 ; $311,75 ; $309,19 ; $308,90 ; $306,91 ; $305,56 ; $300,54 ; $297,85 ; $292,91 ; $294,38 ; $303,82 ; $299,51 ; $299,70 ; $301,42 ; $301,07 ; $299,28 ; $298,57 ; $294,90 ; $296,24 ; $291,47 ; $292,24 ; $290,66 ; $291,53 ; $290,49 ; $294,16 
V; $333,79 ; $334,53 ; $329,30 ; $327,98 ; $323,77 ; $324,12 ; $321,18 ; $325,75 ; $330,02 ; $336,08 ; $338,88 ; $338,92 ; $334,85 ; $336,02 ; $336,96 ; $340,04 ; $340,30 ; $336,90 ; $340,74 ; $345,03 ; $341,28 ; $346,90 ; $347,82 ; $347,38 ; $345,96 ; $345,36 ; $347,21 ; $344,41 ; $341,89 ; $335,40 ; $345,69 ; $348,38 ; $343,30 ; $343,65 ; $347,04 ; $351,36 ; $352,42 ; $349,28 ; $349,84 ; $345,95 ; $347,83 ; $341,38 ; $340,16 ; $337,37 ; $334,93 ; $338,68 ; $338,70 ; $344,36 ; $341,61 ; $338,18 ; $346,20 ; $340,03 ; $339,05 ; $339,43 ; $343,49 ; $338,12 ; $343,99 ; $342,30 ; $343,22 ; $350,99 ; $350,87 ; $350,07 ; $351,78 ; $349,86 ; $350,35 ; $351,18 ; $348,82 ; $350,04 ; $343,69 ; $343,93 ; $342,45 ; $342,74 ; $344,47 ; $345,49 
XOM; $114,77 ; $114,51 ; $115,97 ; $117,08 ; $117,02 ; $117,35 ; $119,03 ; $117,68 ; $119,29 ; $118,79 ; $118,12 ; $119,78 ; $118,22 ; $117,22 ; $114,50 ; $113,68 ; $114,14 ; $113,76 ; $114,36 ; $114,69 ; $116,45 ; $115,03 ; $115,94 ; $115,39 ; $115,98 ; $114,71 ; $112,71 ; $112,70 ; $112,24 ; $110,64 ; $111,61 ; $112,29 ; $112,24 ; $110,73 ; $112,91 ; $114,02 ; $114,26 ; $114,20 ; $113,26 ; $111,29 ; $111,99 ; $112,75 ; $114,22 ; $117,22 ; $115,59 ; $114,56 ; $113,95 ; $112,02 ; $112,82 ; $113,93 ; $115,29 ; $114,68 ; $112,35 ; $112,16 ; $112,14 ; $112,50 ; $110,65 ; $109,85 ; $109,23 ; $112,40 ; $111,91 ; $114,69 ; $114,29 ; $113,35 ; $112,75 ; $111,49 ; $111,74 ; $111,28 ; $109,23 ; $108,53 ; $107,42 ; $106,72 ; $106,49 ; $107,38 
JNJ; $207,56 ; $206,67 ; $206,05 ; $203,90 ; $203,07 ; $202,51 ; $200,00 ; $199,58 ; $195,93 ; $195,25 ; $194,39 ; $193,83 ; $188,41 ; $186,57 ; $186,97 ; $186,00 ; $186,86 ; $186,26 ; $188,87 ; $189,05 ; $186,60 ; $186,93 ; $190,30 ; $190,40 ; $192,47 ; $192,94 ; $191,88 ; $193,72 ; $193,22 ; $192,12 ; $191,17 ; $190,85 ; $190,90 ; $190,72 ; $191,08 ; $189,69 ; $188,89 ; $188,16 ; $188,64 ; $185,98 ; $186,05 ; $185,42 ; $181,62 ; $179,71 ; $177,73 ; $176,69 ; $176,58 ; $174,21 ; $176,19 ; $174,16 ; $177,20 ; $176,46 ; $177,40 ; $178,06 ; $178,50 ; $175,79 ; $176,96 ; $178,13 ; $178,43 ; $178,76 ; $178,00 ; $178,06 ; $177,17 ; $175,45 ; $176,79 ; $176,49 ; $178,41 ; $179,29 ; $178,93 ; $178,84 ; $177,80 ; $176,25 ; $176,64 ; $174,72 
UNH; $329,71 ; $326,28 ; $319,05 ; $319,97 ; $311,54 ; $309,09 ; $313,58 ; $320,52 ; $321,86 ; € 285,40 ; $339,06 ; € 281,45 ; $321,58 ; $324,21 ; $321,56 ; $327,74 ; $330,83 ; $333,79 ; $341,56 ; $344,75 ; $355,26 ; $367,84 ; $365,98 ; $362,50 ; $360,45 ; $361,49 ; $365,37 ; $364,48 ; $356,60 ; $356,67 ; $361,15 ; $359,93 ; $358,66 ; $354,50 ; $367,69 ; $369,92 ; $363,66 ; $358,77 ; $360,20 ; $353,72 ; $348,30 ; $345,30 ; € 293,70 ; $344,08 ; $345,56 ; $351,81 ; $347,69 ; $341,30 ; € 287,40 ; $334,82 ; $341,61 ; $339,78 ; $347,89 ; $352,51 ; $353,61 ; $346,78 ; $347,92 ; $320,25 ; $315,39 ; $310,38 ; $307,88 ; $308,80 ; € 263,50 ; $302,29 ; $303,88 ; $300,43 ; $304,86 ; $307,42 ; $303,35 ; $299,84 ; $304,24 ; $308,49 ; $304,01 ; $271,49 
MA; $544,93 ; $546,47 ; $537,85 ; $540,40 ; $527,88 ; $530,36 ; $527,58 ; $536,85 ;#N/A; $555,57 ; $561,23 ; $558,35 ; $552,96 ; $551,97 ; $553,28 ; $553,31 ; $552,75 ; $544,07 ; $551,99 ; $553,68 ; $554,58 ; $565,93 ; $572,36 ; $573,67 ; $573,77 ; $571,36 ; $572,03 ; $566,36 ; $560,97 ; $549,88 ; $562,81 ; $567,92 ; $559,24 ; $557,48 ; $564,55 ; $576,44 ; $579,84 ; $578,81 ; $580,45 ; $577,33 ; $573,77 ; $568,81 ; $568,14 ; $565,13 ; $567,30 ; $568,81 ; $569,97 ; $584,49 ; $584,16 ; $586,05 ; $598,63 ; $586,42 ; $582,96 ; $580,41 ; $588,73 ; $579,38 ; $584,00 ; $586,60 ; $584,22 ; $595,64 ; $593,28 ; $591,87 ; $595,29 ; $590,48 ; $590,66 ; $591,61 ; $593,21 ; $598,96 ; $591,92 ; $592,68 ; $585,51 ; $584,14 ; $581,70 ; $583,76 
HD; $355,47 ; $351,07 ; $336,58 ; $343,32 ; $332,38 ; $334,50 ; $336,48 ; $358,03 ; $362,36 ; $368,07 ; $371,13 ; $374,24 ; $370,43 ; $371,11 ; $369,07 ; $373,84 ; $383,08 ; $378,35 ; $379,59 ; $379,55 ; $378,04 ; $385,75 ; $385,27 ; $386,68 ; $385,03 ; $388,97 ; $390,90 ; $388,89 ; $391,90 ; $387,39 ; $388,30 ; $387,72 ; $379,37 ; $375,75 ; $377,69 ; $383,79 ; $386,81 ; $389,33 ; $395,06 ; $395,01 ; $397,02 ; $405,19 ; $406,80 ; $410,09 ; $407,45 ; $409,77 ; $410,91 ; $412,00 ; $415,69 ; $417,48 ; $417,00 ; $421,45 ; $422,71 ; $422,69 ; $423,42 ; $413,23 ; $415,34 ; $419,94 ; $418,95 ; $411,69 ; $407,71 ; $406,31 ; $406,77 ; $407,45 ; $408,24 ; $407,54 ; $408,90 ; $412,79 ; $397,70 ; $401,74 ; $407,20 ; $394,70 ; $399,38 ; $400,32 
ORCL; $204,96 ; $197,03 ; $200,28 ; $198,76 ; $210,69 ; $225,53 ; $220,49 ; $219,86 ; $222,85 ; $217,57 ; $226,99 ; $236,15 ; $240,83 ; $239,26 ; $243,80 ; $250,31 ; $248,17 ; $257,85 ; $262,61 ; $256,89 ; $275,30 ; $280,83 ; $281,40 ; $283,33 ; $280,07 ; $272,66 ; $275,15 ; $277,18 ; $291,31 ; $313,00 ; $303,62 ; $299,00 ; $308,01 ; $292,96 ; $296,96 ; $288,63 ; $284,24 ; $291,59 ; $286,14 ; $288,78 ; $289,01 ; $281,24 ; $282,76 ; $283,46 ; $291,33 ; $308,46 ; $313,83 ; $328,15 ; $308,66 ; $296,62 ; $301,41 ; $306,65 ; $302,14 ; $292,18 ; $307,86 ; $328,33 ; $241,51 ; $238,48 ; $232,80 ; $223,00 ; $223,45 ; $225,30 ; $226,13 ; $240,32 ; $235,81 ; $234,21 ; $235,41 ; $236,37 ; $233,16 ; $235,06 ; $234,62 ; $249,07 ; $248,28 ; $244,96 
PG; $148,25 ; $148,49 ; $146,98 ; $150,92 ; $148,19 ; $146,99 ; $146,99 ; $145,82 ; $147,67 ; $147,96 ; $148,01 ; $148,54 ; $145,50 ; $146,98 ; $146,13 ; $145,79 ; $147,17 ; $148,02 ; $150,37 ; $149,58 ; $148,77 ; $151,37 ; $151,74 ; $152,49 ; $152,21 ; $152,20 ; $151,62 ; $151,96 ; $151,40 ; $149,60 ; $147,42 ; $149,16 ; $147,49 ; $149,69 ; $150,58 ; $150,69 ; $152,54 ; $150,41 ; $152,27 ; $152,05 ; $153,18 ; $153,65 ; $153,53 ; $152,50 ; $152,15 ; $152,42 ; $152,50 ; $153,07 ; $156,04 ; $157,32 ; $160,33 ; $158,05 ; $156,83 ; $157,90 ; $158,63 ; $157,35 ; $159,46 ; $159,01 ; $160,02 ; $159,19 ; $158,17 ; $157,99 ; $157,04 ; $155,65 ; $156,96 ; $155,97 ; $156,15 ; $158,67 ; $158,73 ; $159,51 ; $158,40 ; $155,72 ; $154,36 ; $153,74 
BAC; $52,99 ; $52,48 ; $51,93 ; $51,56 ; $51,00 ; $52,02 ; $51,64 ; $51,48 ;#N/A; $52,87 ; $54,11 ; $53,63 ; $53,42 ; $53,20 ; $53,29 ; $52,45 ; $53,54 ; $53,56 ; $53,45 ; $53,03 ;#N/A; $52,87 ; $53,02 ; $52,57 ; $51,76 ; $51,10 ; $51,52 ; $52,04 ; $51,28 ; $50,44 ; $52,28 ; $50,09 ; $48,86 ; $48,65 ; $49,79 ; $49,84 ; $50,29 ; $50,39 ; $50,64 ; $50,48 ; $50,68 ; $51,59 ; $52,42 ; $52,21 ; $51,85 ; $51,70 ; $51,70 ; $51,92 ;#N/A; $52,13 ; $51,40 ; $8,97 ; $50,59 ; $50,58 ;#N/A; $50,13 ; $50,29 ;#N/A; $49,77 ; $50,62 ; $50,06 ; $50,42 ; $50,74 ; $50,49 ; $50,38 ; $50,25 ; $49,48 ; $49,48 ; $48,26 ; $48,35 ; $48,08 ; $47,92 ; $46,94 ; $47,71 
CMCSA; $26,57 ; $26,68 ; $26,46 ; $27,35 ; $26,63 ; $26,87 ; $27,36 ; $27,22 ; $27,51 ; $27,97 ; $27,89 ; $27,45 ; $27,12 ; $27,35 ; $27,31 ; $27,94 ; $27,44 ; $26,98 ; $27,84 ; $27,32 ; $28,53 ; $29,28 ; $29,42 ; $29,28 ; $29,30 ; $29,40 ; $29,97 ; $29,57 ; $29,54 ; $29,26 ; $29,72 ; $29,99 ; $29,41 ; $29,46 ; $30,08 ; $30,77 ; $30,60 ; $31,09 ; $30,90 ; $30,40 ; $30,94 ; $31,42 ; $31,49 ; $31,72 ; $31,62 ; $31,61 ; $31,62 ; $31,49 ; $31,59 ; $31,64 ; $32,43 ; $32,29 ; $32,62 ; $33,06 ; $33,40 ; $33,48 ; $33,67 ; $34,00 ; $33,91 ; $33,95 ; $33,89 ; $34,13 ; $33,97 ; $33,57 ; $33,81 ; $33,68 ; $34,01 ; $34,15 ; $33,60 ; $33,29 ; $33,89 ; $33,43 ; $33,45 ; $32,90 
PEP; $147,98 ; $146,11 ; $145,50 ; $146,33 ; $146,10 ; $147,11 ; $148,77 ; $147,83 ; $145,85 ; $145,02 ; $144,39 ; $145,08 ; $142,62 ; $142,95 ; $141,58 ; $142,86 ; $142,90 ; $143,60 ; $146,09 ; $147,55 ; $146,16 ; $150,12 ; $152,63 ; $151,55 ; $151,51 ; $153,03 ; $153,18 ; $153,64 ; $153,71 ; $152,67 ; $151,16 ; $151,54 ; $148,89 ; $150,08 ; $144,71 ; $138,84 ; $140,79 ; $139,70 ; $141,98 ; $142,31 ; $143,14 ; $140,44 ; $140,17 ; $140,44 ; $139,92 ; $142,17 ; $141,90 ; $141,03 ; $141,76 ; $140,73 ; $141,23 ; $140,03 ; $140,64 ; $143,53 ; $144,23 ; $142,66 ; $143,10 ; $141,71 ; $146,39 ; $146,89 ; $148,64 ; $150,28 ; $148,65 ; $146,98 ; $147,64 ; $147,00 ; $148,20 ; $149,64 ; $148,98 ; $150,73 ; $152,16 ; $149,55 ; $150,40 ; $148,62 
COP; $87,09 ; $86,62 ; $87,56 ; $87,37 ; $87,47 ; $87,98 ; $89,68 ; $88,72 ; $91,37 ; $89,42 ; $89,07 ; $90,69 ; $88,23 ; $86,83 ; $85,66 ; $87,70 ; $87,91 ; $88,57 ; $88,86 ; $88,14 ; $88,08 ; $86,79 ; $88,69 ; $88,03 ; $90,08 ; $87,41 ; $86,41 ; $87,06 ; $86,48 ; $86,91 ; $87,74 ; $88,17 ; $88,78 ; $87,64 ; $91,95 ; $93,75 ; $95,23 ; $94,91 ; $94,16 ; $93,38 ; $95,46 ; $94,59 ; $95,85 ; $98,48 ; $96,81 ; $95,63 ; $93,47 ; $92,01 ; $91,92 ; $93,48 ; $93,82 ; $94,54 ; $92,33 ; $92,43 ; $94,13 ; $94,32 ; $91,86 ; $91,40 ; $92,95 ; $95,77 ; $94,65 ; $98,99 ; $98,97 ; $98,45 ; $97,90 ; $97,05 ; $98,18 ; $96,78 ; $94,78 ; $94,89 ; $93,76 ; $94,00 ; $95,33 ; $95,65 
CVX; $149,51 ; $148,53 ; $149,75 ; $149,98 ; $150,31 ; $151,70 ; $153,62 ; $154,82 ; $157,62 ; $155,58 ; $153,32 ; $156,24 ; $155,65 ; $155,02 ; $152,94 ; $152,66 ; $153,39 ; $154,04 ; $157,72 ; $153,52 ; $155,10 ; $154,13 ; $155,28 ; $155,56 ; $156,56 ; $155,57 ; $153,79 ; $154,48 ; $153,08 ; $151,71 ; $152,11 ; $152,39 ; $151,94 ; $148,90 ; $151,64 ; $153,74 ; $154,91 ; $154,02 ; $153,55 ; $153,37 ; $154,58 ; $155,29 ; $156,10 ; $160,16 ; $160,72 ; $159,18 ; $157,42 ; $156,05 ; $156,21 ; $158,84 ; $160,09 ; $159,54 ; $157,31 ; $157,11 ; $158,25 ; $157,79 ; $154,85 ; $154,00 ; $153,66 ; $157,69 ; $158,06 ; $161,83 ; $160,60 ; $159,32 ; $159,24 ; $157,36 ; $158,20 ; $158,18 ; $155,55 ; $153,22 ; $152,00 ; $155,32 ; $156,55 ; $155,16 
KO; $72,88 ; $72,61 ; $72,59 ; $72,95 ; $71,21 ; $71,11 ; $71,22 ; $70,68 ; $71,16 ; $71,07 ; $71,51 ; $71,61 ; $70,52 ; $70,55 ; $69,06 ; $68,51 ; $68,66 ; $67,97 ; $68,90 ; $68,98 ; $68,35 ; $70,16 ; $70,06 ; $69,71 ; $69,94 ; $70,81 ; $71,22 ; $68,44 ; $68,44 ; $67,59 ; $67,08 ; $67,51 ; $66,80 ; $67,04 ; $66,37 ; $66,12 ; $66,79 ; $66,10 ; $66,65 ; $66,10 ; $66,78 ; $66,32 ; $66,04 ; $65,67 ; $65,98 ; $66,45 ; $66,71 ; $66,21 ; $66,43 ; $66,46 ; $67,04 ; $66,24 ; $66,21 ; $67,01 ; $67,62 ; $67,82 ; $67,86 ; $67,43 ; $67,96 ; $68,25 ; $68,99 ; $69,06 ; $68,99 ; $68,36 ; $68,83 ; $68,73 ; $68,93 ; $70,13 ; $70,66 ; $70,70 ; $70,13 ; $69,13 ; $69,92 ; $69,55 
DIS; $103,43 ; $103,31 ; $101,94 ; $104,28 ; $102,70 ; $104,67 ; $106,28 ; $105,69 ; $105,80 ; $107,61 ; $116,65 ; $114,85 ; $112,24 ; $110,74 ; $110,49 ; $111,36 ; $111,47 ; $112,12 ; $112,62 ; $111,84 ; $110,24 ; $111,65 ; $112,34 ; $111,68 ; $113,03 ; $113,08 ; $114,30 ; $111,96 ; $110,67 ; $109,88 ; $111,71 ; $111,17 ; $110,27 ; $109,19 ; $110,99 ; $111,89 ; $112,53 ; $112,75 ; $112,47 ; $112,14 ; $112,95 ; $114,50 ; $114,78 ; $113,47 ; $112,99 ; $113,43 ; $112,25 ; $112,56 ; $113,76 ; $114,86 ; $116,10 ; $115,23 ; $115,62 ; $115,96 ; $117,08 ; $115,79 ; $117,37 ; $118,84 ; $117,91 ; $118,81 ; $117,38 ; $118,27 ; $118,38 ; $117,64 ; $118,09 ; $117,65 ; $117,71 ; $118,86 ; $116,21 ; $117,04 ; $116,27 ; $116,55 ; $115,39 ; $116,31 
ABBV; $227,66 ; $231,80 ; $229,51 ; $236,28 ; $229,45 ; $232,91 ; $233,87 ; $234,00 ; $232,36 ; $232,29 ; $233,23 ; $225,17 ; $218,71 ; $219,16 ; $219,04 ; $216,77 ; $215,89 ; $211,96 ; $218,04 ; $228,20 ; $225,14 ; $227,54 ; $228,03 ; $227,99 ; $228,25 ; $228,68 ; $231,39 ; $232,06 ; $229,57 ; $226,87 ; $226,22 ; $229,13 ; $230,30 ; $230,50 ; $230,69 ; $231,24 ; $232,83 ; $230,19 ; $233,91 ; $236,56 ; $244,38 ; $231,54 ; $223,16 ; $220,61 ; $218,54 ; $219,99 ; $222,61 ; $222,59 ; $222,47 ; $221,99 ; $220,81 ; $216,26 ; $217,61 ; $218,34 ; $220,22 ; $211,64 ; $210,42 ; $209,79 ; $212,56 ; $213,00 ; $211,86 ; $211,92 ; $210,40 ; $207,92 ; $208,06 ; $208,36 ; $207,55 ; $210,60 ; $209,50 ; $209,15 ; $206,19 ; $206,57 ; $206,69 ; $204,68 
T; $25,82 ; $25,86 ; $25,62 ; $25,93 ; $25,52 ; $25,27 ; $25,60 ; $25,47 ; $25,59 ; $25,75 ; $25,65 ; $25,18 ; $24,83 ; $24,83 ; $24,74 ; $24,56 ; $24,44 ; $24,53 ; $24,75 ; $24,68 ; $25,14 ; $25,70 ; $25,53 ; $25,14 ; $24,62 ; $25,55 ; $26,05 ; $26,10 ; $26,34 ; $26,20 ; $26,07 ; $26,13 ; $25,59 ; $25,87 ; $26,10 ; $26,25 ; $26,16 ; $25,87 ; $27,06 ; $27,01 ; $27,55 ; $28,24 ; $28,07 ; $28,31 ; $28,30 ; $28,32 ; $28,79 ; $28,92 ; $29,01 ; $29,20 ; $29,54 ; $29,33 ; $29,62 ; $29,57 ; $29,49 ; $29,20 ; $29,42 ; $28,90 ; $29,59 ; $29,58 ; $29,04 ; $29,08 ; $29,29 ; $28,94 ; $29,06 ; $28,56 ; $28,74 ; $28,77 ; $29,44 ; $29,28 ; $28,98 ; $28,92 ; $28,87 ; $28,75 
CRM; $228,15 ; $234,12 ; $226,82 ; $227,11 ; $225,37 ; $227,88 ; $233,50 ; $237,03 ; $243,66 ; $240,43 ; $246,02 ; $244,50 ; $241,71 ; $239,88 ; $239,27 ; $252,68 ; $254,44 ; $261,34 ; $260,41 ; $256,65 ; $251,46 ; $254,26 ; $255,47 ; $254,83 ; $255,05 ; $256,64 ; $263,41 ; $254,28 ; $243,08 ; $246,00 ; $236,58 ; $239,77 ; $248,75 ; $241,68 ; $245,33 ; $240,43 ; $239,74 ; $245,78 ; $240,36 ; $238,88 ; $235,69 ; $237,00 ; $245,10 ; $243,43 ; $240,95 ; $245,89 ; $244,56 ; $249,69 ; $247,09 ; $244,28 ; $242,21 ; $239,31 ; $242,52 ; $242,76 ; $246,28 ; $242,57 ; $252,06 ; $252,27 ; $250,76 ; $244,01 ; $256,45 ; $252,86 ; $256,25 ; $254,53 ; $250,16 ; $243,74 ; $247,87 ; $248,29 ; $245,83 ; $246,45 ; $246,00 ; $243,97 ; $242,44 ; $233,37 
COST; $908,26 ; $894,33 ; $886,12 ; $899,01 ; $893,29 ; $890,60 ; $895,08 ; $912,59 ; $922,98 ; $925,08 ; $914,00 ; $913,86 ; $915,56 ; $922,74 ; $923,58 ; $935,03 ; $940,74 ; $928,04 ; $911,45 ; $920,18 ; $912,42 ; $924,16 ; $929,85 ; $932,14 ; $942,05 ; $944,68 ; $937,50 ; $936,11 ; $936,33 ; $925,62 ; $954,99 ; $946,51 ; $935,56 ; $930,01 ; $942,89 ; $914,80 ; $914,80 ; $910,94 ; $915,38 ; $916,77 ; $917,34 ; $925,63 ; $916,87 ; $915,95 ; $943,31 ; $945,27 ; $943,60 ; $943,26 ; $951,16 ; $952,36 ; $963,03 ; $952,07 ; $960,10 ; $967,90 ; $964,32 ; $956,29 ; $979,25 ; $971,85 ; $963,48 ; $955,90 ; $949,78 ; $938,82 ; $943,32 ; $944,96 ; $949,52 ; $941,34 ; $941,58 ; $958,54 ; $969,68 ; $994,57 ; $980,85 ; $979,35 ; $972,04 ; $975,39 
SCHW; $91,80 ; $90,74 ; $90,52 ; $90,51 ; $90,49 ; $92,64 ; $92,28 ; $91,91 ; $94,39 ; $95,36 ; $97,71 ; $96,12 ; $95,58 ; $95,24 ; $94,20 ; $93,68 ; $93,84 ; $93,15 ; $94,52 ; $94,41 ; $94,61 ; $93,85 ; $94,84 ; $94,42 ; $94,60 ; $94,31 ; $95,09 ; $94,95 ; $94,14 ; $93,41 ; $94,33 ; $93,39 ; $93,49 ; $91,96 ; $94,02 ; $93,79 ; $94,01 ; $94,00 ; $94,08 ; $92,70 ; $92,25 ; $95,47 ; $96,89 ; $95,46 ; $94,78 ; $92,37 ; $93,91 ; $94,43 ; $94,33 ; $93,28 ; $92,09 ; $91,03 ; $92,10 ; $93,54 ; $93,94 ; $92,24 ; $93,67 ; $93,45 ; $92,05 ; $97,63 ; $96,22 ; $96,12 ; $95,84 ; $97,09 ; $96,87 ; $97,24 ; $96,19 ; $95,83 ; $95,82 ; $95,51 ; $95,76 ; $96,17 ; $96,11 ; $97,78 
CVS; $79,86 ; $78,47 ; $77,90 ; $78,03 ; $76,04 ; $76,55 ; $77,94 ; $78,41 ; $77,81 ; $79,24 ; $80,26 ; $79,87 ; $77,54 ; $78,99 ; $78,66 ; $78,55 ; $78,08 ; $78,44 ; $78,15 ; $76,69 ; $80,60 ; $82,20 ; $82,45 ; $81,93 ; $81,07 ; $82,01 ; $83,04 ; $82,48 ; $82,52 ; $81,37 ; $80,67 ; $79,66 ; $78,44 ; $77,90 ; $76,74 ; $76,93 ; $77,12 ; $76,84 ; $77,49 ; $77,45 ; $76,87 ; $75,39 ; $75,57 ; $75,77 ; $74,61 ; $76,38 ; $76,50 ; $75,13 ; $74,92 ; $74,42 ; $74,00 ; $73,48 ; $73,46 ; $74,98 ; $74,67 ; $73,97 ; $71,75 ; $70,26 ; $73,78 ; $73,69 ; $73,32 ; $74,09 ; $73,15 ; $72,14 ; $71,93 ; $71,55 ; $71,21 ; $71,30 ; $71,43 ; $70,82 ; $70,97 ; $70,17 ; $68,60 ; $66,73 
NKE; $64,33 ; $63,68 ; $61,93 ; $62,80 ; $61,43 ; $62,64 ; $62,49 ; $62,90 ; $64,17 ; $66,03 ; $64,20 ; $63,15 ; $60,80 ; $61,09 ; $61,89 ; $62,11 ; $61,23 ; $62,65 ; $64,59 ; $64,90 ; $65,35 ; $67,43 ; $68,59 ; $69,11 ; $69,68 ; $69,08 ; $68,36 ; $67,62 ; $67,37 ; $66,84 ; $68,46 ; $67,64 ; $67,38 ; $65,22 ; $68,06 ; $69,09 ; $68,91 ; $71,17 ; $71,93 ; $74,57 ; $74,20 ; $69,73 ; $69,55 ; $69,31 ; $69,24 ; € 60,74 ; $70,93 ; $71,28 ; $70,89 ; $72,10 ; $72,31 ; $72,75 ; $73,03 ; $73,00 ; $74,33 ; $74,25 ; $73,60 ; $74,15 ; € 63,05 ; $75,35 ; $74,74 ; $74,29 ; $77,37 ; $180,17 ; $181,60 ; $181,77 ; $179,81 ; $177,99 ; $174,98 ; $175,40 ; $175,64 ; $182,01 ; $180,45 ; $182,02 
MCD; $312,40 ; $310,45 ; $304,90 ; $309,35 ; $304,16 ; $302,74 ; $304,59 ; $304,90 ; $307,03 ; $307,58 ; $306,94 ; $306,83 ; $299,10 ; $299,66 ; $298,41 ; $305,67 ; $299,21 ; $296,37 ; $298,43 ; $302,43 ; $302,35 ; $306,40 ; $310,00 ; $305,79 ; $306,97 ; $310,11 ; $307,48 ; $307,77 ; $308,09 ; $305,33 ; $305,25 ; $304,56 ; $300,11 ; $297,01 ; $293,81 ; $294,40 ; $296,32 ; $296,04 ; $300,98 ; $299,88 ; $300,52 ; $303,89 ; $302,99 ; $305,24 ; $302,30 ; $304,33 ; $303,19 ; $302,99 ; $302,38 ; $301,14 ; $304,97 ; $303,29 ; $302,07 ; $305,40 ; $308,43 ; $305,94 ; $312,52 ; $312,80 ; $314,38 ; $316,99 ; $316,39 ; $315,76 ; $313,54 ; $232,56 ; $230,49 ; $229,31 ; $227,16 ; $227,76 ; $224,90 ; $226,01 ; $230,56 ; $230,89 ; $231,59 ; $232,78 
PYPL; $61,83 ; $61,22 ; $60,56 ; $60,57 ; $58,11 ; $60,11 ; $60,70 ; $61,89 ; $62,81 ; $65,33 ; $67,20 ; $67,40 ; $66,25 ; $66,22 ; $66,26 ; $68,06 ; $66,08 ; $68,34 ; $69,27 ; $67,93 ; $69,68 ; $73,02 ; $70,25 ; $69,77 ; $69,66 ; $68,07 ; $70,05 ; $69,20 ; $67,41 ; $66,05 ; $67,98 ; $69,15 ; $68,86 ; $69,84 ; $75,75 ; $76,13 ; $74,61 ; $71,29 ; $69,25 ; $68,93 ; $66,66 ; $67,06 ; $69,68 ; $67,30 ; $66,74 ; $67,86 ; $67,31 ; $67,68 ; $68,22 ; $68,52 ; $68,62 ; $66,85 ; $67,11 ; $66,89 ; $67,27 ; $65,64 ; $67,68 ; $68,40 ; $68,26 ; $68,46 ; $69,64 ; $69,25 ; $70,19 ; $509,64 ; $506,74 ; $502,04 ; $504,26 ; $507,23 ; $504,24 ; $505,72 ; $509,77 ; $517,10 ; $520,17 ; $522,48 
CSCO; $76,07 ; $76,32 ; $76,24 ; $76,10 ; $75,44 ; $78,39 ; $77,37 ; $77,78 ; $78,00 ; $77,38 ; $73,96 ; $71,71 ; $72,09 ; $71,07 ; $71,04 ; $72,10 ; $72,32 ; $74,45 ; $73,11 ; $72,91 ; $71,33 ; $72,62 ; $71,39 ; $70,63 ; $70,27 ; $70,66 ; $70,72 ; $70,65 ; $70,13 ; $69,09 ; $69,52 ; $68,66 ; $67,46 ; $67,94 ; $69,96 ; $70,33 ; $68,99 ; $68,91 ; $67,92 ; $68,31 ; $68,75 ; $68,42 ; $67,72 ; $67,22 ; $67,85 ; $67,32 ; $67,54 ; $67,75 ; $68,21 ; $68,68 ; $67,72 ; $66,93 ; $67,02 ; $66,53 ; $67,69 ; $68,13 ; $67,34 ; $66,88 ; $66,90 ; $67,99 ; $67,67 ; $67,80 ; $69,09 ; $212,37 ; $208,21 ; $207,95 ; $209,16 ; $206,72 ; $200,62 ; $200,19 ; $202,49 ; $204,29 ; $204,91 ; $203,82 
ACN; $247,85 ; $249,23 ; $243,62 ; $251,85 ; $240,79 ; $241,08 ; $240,00 ; $241,33 ; $245,21 ; $247,57 ; $246,53 ; $242,56 ; $244,55 ; $245,76 ; $241,34 ; $247,82 ; $242,90 ; $248,44 ; $250,10 ; $249,25 ; $247,75 ; $253,35 ; $250,77 ; $247,65 ; $249,81 ; $249,14 ; $250,51 ; $242,18 ; $238,39 ; $234,02 ; $239,71 ; $244,20 ; $243,56 ; $240,94 ; $252,04 ; $252,98 ; $251,23 ; $248,17 ; $245,32 ; $244,34 ; $243,71 ; $246,60 ; $247,00 ; $238,97 ; $232,56 ; $239,08 ; $235,50 ; $239,99 ; $239,70 ; $239,55 ; $241,24 ; $236,81 ; $237,87 ; $238,54 ; $244,15 ; $243,11 ; $251,99 ; $255,57 ; $254,95 ; $252,94 ; $254,15 ; $256,17 ; $259,97 ; $231,60 ; $229,12 ; $228,71 ; $227,94 ; $228,84 ; $221,95 ; $223,81 ; $228,01 ; $231,49 ; $231,03 ; $230,98 
ADBE; $317,52 ; $319,55 ; $318,73 ; $324,19 ; $312,40 ; $318,11 ; $324,47 ; $325,07 ; $331,11 ; $333,60 ; $337,05 ; $333,22 ; $328,85 ; $326,95 ; $327,35 ; $335,53 ; $335,35 ; $337,47 ; $340,31 ; $339,24 ; $337,86 ; $359,91 ; $357,80 ; $353,52 ; $354,12 ; $354,09 ; $357,55 ; $343,40 ; $333,26 ; $329,23 ; $330,63 ; $335,94 ; $339,32 ; $337,51 ; $347,47 ; $348,77 ; $348,31 ; $350,14 ; $346,74 ; $351,48 ; $343,72 ; $352,75 ; $359,42 ; $360,37 ; $354,16 ; $353,27 ; $361,78 ; $364,08 ; $365,90 ; $367,46 ; $362,07 ; $352,73 ; $347,10 ; $349,36 ; $350,55 ; $350,16 ; $354,06 ; $358,66 ; $348,97 ; $344,31 ; $348,50 ; $345,63 ; $356,70 ; $308,65 ; $300,25 ; $298,01 ; $294,23 ; $294,00 ; $289,60 ; $291,17 ; $294,91 ; $305,76 ; $306,34 ; $311,23 
C; $102,50 ; $101,17 ; $99,69 ; $98,70 ; $97,63 ; $99,83 ; $98,32 ; $98,19 ; $100,30 ; $100,67 ; $102,87 ; $100,76 ; $101,49 ; $100,79 ; $100,85 ; $101,69 ; $101,01 ; $101,61 ; $101,23 ; $100,22 ; $99,12 ; $101,39 ; $100,99 ; $98,78 ; $96,69 ; $96,30 ; $98,25 ; $99,30 ; $97,07 ; $96,26 ; $99,78 ; $99,84 ; $96,10 ; $93,93 ; $95,92 ; $96,70 ; $97,80 ; $98,05 ; $97,74 ; $97,34 ; $98,71 ; $101,50 ; $103,16 ; $103,42 ; $102,11 ; $101,65 ; $103,00 ; $103,49 ; $102,68 ; $102,41 ; $101,76 ; $100,64 ; $99,79 ; $99,44 ; $98,82 ; $97,17 ; $97,34 ; $95,87 ; $95,40 ; $97,08 ; $95,03 ; $94,78 ; $96,57 ; $751,11 ; $747,38 ; $754,10 ; $753,30 ; $754,79 ; $739,10 ; $747,72 ; $751,48 ; $767,37 ; $785,23 ; $782,13 
WFC; $85,56 ; $85,10 ; $84,66 ; $83,11 ; $82,40 ; $84,16 ; $83,86 ; $83,42 ; $85,05 ; $84,70 ; $86,26 ; $86,19 ; $86,10 ; $86,04 ; $86,04 ; $86,95 ; $87,13 ; $87,30 ; $86,97 ; $85,99 ; $86,00 ; $86,90 ; $87,01 ; $86,41 ; $84,46 ; $83,88 ; $84,76 ; $86,02 ; $83,28 ; $84,00 ; $86,46 ; $84,56 ; $78,92 ; $77,62 ; $79,89 ; $79,73 ; $81,14 ; $80,69 ; $80,67 ; $80,50 ; $80,87 ; $83,82 ; $84,65 ; $85,01 ; $84,32 ; $84,11 ; $84,37 ; $85,16 ; $84,64 ; $83,50 ; $82,48 ; $81,39 ; $81,41 ; $81,46 ; $81,25 ; $80,30 ; $80,76 ; $79,14 ; $78,96 ; $81,83 ; $80,51 ; $81,78 ; $82,18 ; $499,86 ; $495,72 ; $492,21 ; $486,18 ; $489,00 ; $488,59 ; $488,68 ; $485,31 ; $478,52 ; $477,20 ; $479,22 
INTC; $36,81 ; $35,83 ; $35,79 ; $34,50 ; $33,62 ; $35,11 ; $34,33 ; $34,71 ; $35,52 ; $35,91 ; $37,89 ; $37,88 ; $38,45 ; $38,13 ; $37,24 ; $38,38 ; $37,03 ; $39,50 ; $39,99 ; $40,16 ; $41,34 ; $41,53 ; $39,54 ; $38,28 ; $38,16 ; $36,92 ; $38,12 ; $38,10 ; $37,01 ; $36,84 ; $37,15 ; $35,63 ; $37,22 ; $36,37 ; $37,80 ; $37,43 ; $37,17 ; $36,59 ; $36,83 ; $37,30 ; $35,94 ; $33,55 ; $34,48 ; $35,50 ; $33,99 ; $31,22 ; $29,34 ; $28,76 ; $29,58 ; $30,57 ; $24,90 ; $25,27 ; $24,77 ; $24,08 ; $24,61 ; $24,77 ; $24,44 ; $24,48 ; $24,49 ; $24,61 ; $24,00 ; $24,21 ; $24,35 ; $345,98 ; $349,60 ; $351,67 ; $346,60 ; $340,01 ; $320,11 ; $323,90 ; $329,31 ; $335,16 ; $330,56 ; $335,58 
TMO; $593,25 ; $597,78 ; $586,07 ; $587,48 ; $572,74 ; $573,79 ; $576,03 ; $567,16 ; $578,71 ; $580,13 ; $588,02 ; $586,49 ; $576,35 ; $572,41 ; $565,98 ; $567,64 ; $565,24 ; $564,88 ; $567,39 ; $556,22 ; $558,31 ; $557,63 ; $563,78 ; $572,50 ; $571,91 ; $567,20 ; $557,99 ; $543,84 ; $538,92 ; $536,78 ; $527,87 ; $525,83 ; $524,58 ; $524,80 ; $534,68 ; $536,19 ; $539,17 ; $543,95 ; $543,32 ; $524,96 ; $530,73 ; $485,02 ; $462,04 ; $464,24 ; $459,22 ; $468,00 ; $469,75 ; $474,99 ; $479,58 ; $481,10 ; $472,64 ; $480,74 ; $474,46 ; $479,46 ; $491,41 ; $476,54 ; $482,41 ; $487,65 ; $492,60 ; $489,49 ; $484,55 ; $487,53 ; $492,72 ; $731,96 ; $734,17 ; $736,03 ; $695,33 ; $711,68 ; $709,82 ; $705,44 ; $703,21 ; $698,05 ; $701,23 ; $684,43 
ABT; $128,54 ; $128,05 ; $127,19 ; $128,11 ; $123,97 ; $126,15 ; $130,00 ; $130,03 ; $130,59 ; $129,26 ; $128,82 ; $127,00 ; $125,89 ; $126,36 ; $124,95 ; $124,54 ; $125,80 ; $123,84 ; $123,62 ; $124,67 ; $124,43 ; $126,61 ; $127,18 ; $126,85 ; $126,34 ; $127,95 ; $127,54 ; $129,51 ; $128,54 ; $127,63 ; $129,45 ; $133,27 ; $131,38 ; $132,57 ; $133,31 ; $134,27 ; $133,02 ; $133,74 ; $134,59 ; $132,99 ; $133,47 ; $133,94 ; $133,11 ; $133,55 ; $133,31 ; $133,89 ; $135,89 ; $136,62 ; $136,04 ; $134,57 ; $134,17 ; $132,76 ; $131,33 ; $133,73 ; $132,65 ; $129,36 ; $131,95 ; $132,20 ; $132,94 ; $132,81 ; $132,18 ; $131,46 ; $132,66 ; $96,11 ; $96,08 ; $96,05 ; $96,07 ; $96,83 ; $97,96 ; $102,57 ; $101,29 ; $100,70 ; $100,00 ; $100,85 
BMY; $49,25 ; $49,05 ; $47,76 ; $46,25 ; $45,94 ; $45,79 ; $47,06 ; $46,81 ; $46,65 ; $48,63 ; $49,08 ; $48,72 ; $47,26 ; $46,69 ; $46,63 ; $46,47 ; $45,59 ; $46,02 ; $46,07 ; $45,62 ; $42,60 ; $42,82 ; $43,39 ; $43,83 ; $43,83 ; $44,39 ; $44,54 ; $43,59 ; $43,63 ; $43,39 ; $43,61 ; $43,80 ; $43,54 ; $43,96 ; $44,68 ; $44,54 ; $44,66 ; $45,14 ; $45,45 ; $45,73 ; $47,43 ; $45,10 ; $44,15 ; $44,12 ; $43,41 ; $44,16 ; $44,91 ; $44,98 ; $45,02 ; $45,60 ; $46,15 ; $46,34 ; $46,35 ; $46,20 ; $47,54 ; $47,15 ; $47,23 ; $46,72 ; $47,14 ; $46,69 ; $47,50 ; $47,41 ; $47,18 ; $301,07 ; $299,28 ; $298,57 ; $294,90 ; $296,24 ; $291,47 ; $292,24 ; $290,66 ; $291,53 ; $290,49 ; $294,16 
TXN; $165,35 ; $161,77 ; $161,26 ; $159,40 ; $153,33 ; $157,09 ; $157,32 ; $154,99 ; $159,33 ; $162,23 ; $163,09 ; $159,73 ; $160,58 ; $160,55 ; $161,38 ; $163,57 ; $159,36 ; $161,46 ; $161,46 ; $160,51 ; $160,26 ; $166,91 ; $169,41 ; $169,13 ; $172,19 ; $170,71 ; $180,84 ; $179,59 ; $176,58 ; $175,48 ; $175,27 ; $173,94 ; $175,11 ; $171,70 ; $178,96 ; $181,60 ; $177,05 ; $181,81 ; $180,32 ; $182,32 ; $180,39 ; $183,73 ; $183,23 ; $184,55 ; $182,04 ; $184,44 ; $182,04 ; $179,62 ; $179,37 ; $181,62 ; $180,30 ; $177,63 ; $178,20 ; $182,60 ; $184,35 ; $184,01 ; $185,03 ; $185,82 ; $187,93 ; $187,29 ; $195,74 ; $199,81 ; $202,48 ; $349,86 ; $350,35 ; $351,18 ; $348,82 ; $350,04 ; $343,69 ; $343,93 ; $342,45 ; $342,74 ; $344,47 ; $345,49 
NEE; $85,54 ; $84,83 ; $84,23 ; $83,48 ; $84,30 ; $84,27 ; $84,64 ; $85,75 ; $83,88 ; $83,99 ; $85,89 ; $85,76 ; $84,77 ; $83,93 ; $82,00 ; $82,14 ; $81,69 ; $81,78 ; $81,40 ; $81,64 ; $81,76 ; $83,57 ; $86,03 ; $84,41 ; $83,25 ; $82,84 ; $83,99 ; $84,77 ; $84,53 ; $85,05 ; $85,79 ; $84,64 ; $84,30 ; $83,35 ; $83,71 ; $84,04 ; $83,21 ; $82,11 ; $80,06 ; $78,18 ; $78,67 ; $75,49 ; $76,21 ; $75,85 ; $74,65 ; $73,83 ; $72,32 ; $72,35 ; $71,08 ; $70,79 ; $70,31 ; $69,83 ; $71,50 ; $71,64 ; $71,32 ; $71,04 ; $70,07 ; $69,77 ; $70,90 ; $70,87 ; $71,63 ; $72,65 ; $72,05 ; $113,35 ; $112,75 ; $111,49 ; $111,74 ; $111,28 ; $109,23 ; $108,53 ; $107,42 ; $106,72 ; $106,49 ; $107,38 
DHR; $228,46 ; $230,77 ; $226,98 ; $227,39 ; $222,18 ; $222,41 ; $225,51 ; $220,44 ; $221,21 ; $221,20 ; $219,40 ; $215,79 ; $211,17 ; $209,94 ; $210,67 ; $212,21 ; $213,83 ; $214,06 ; $215,38 ; $215,05 ; $214,01 ; $216,90 ; $221,01 ; $223,01 ; $222,73 ; $218,10 ; $220,77 ; $208,39 ; $209,06 ; $210,92 ; $206,10 ; $206,15 ; $205,14 ; $202,46 ; $204,48 ; $204,96 ; $208,77 ; $211,71 ; $214,99 ; $210,33 ; $212,88 ; $198,26 ; $186,06 ; $184,84 ; $181,46 ; $185,91 ; $189,72 ; $190,46 ; $193,29 ; $195,27 ; $192,94 ; $190,47 ; $188,54 ; $190,05 ; $195,16 ; $192,59 ; $194,33 ; $198,63 ; $200,21 ; $199,03 ; $199,44 ; $203,79 ; $205,82 ; $175,45 ; $176,79 ; $176,49 ; $178,41 ; $179,29 ; $178,93 ; $178,84 ; $177,80 ; $176,25 ; $176,64 ; $174,72 
HON; $189,99 ; $191,02 ; $188,66 ; $190,02 ; $188,14 ; $190,57 ; $191,45 ; $196,08 ; $199,04 ; $199,87 ; $201,59 ; $200,41 ; $196,07 ; $194,07 ; $195,91 ; $197,05 ; $196,46 ; $197,77 ; $201,33 ; $200,11 ; $200,58 ; $202,01 ; $202,63 ; $203,64 ; $207,91 ; $194,66 ; $196,99 ; $194,12 ; $191,22 ; $191,42 ; $190,79 ; $196,55 ; $191,18 ; $189,29 ; $192,42 ; $197,71 ; $196,89 ; $196,91 ; $196,96 ; $198,81 ; $198,03 ; $198,33 ; $197,18 ; $196,15 ; $195,69 ; $196,54 ; $197,21 ; $196,91 ; $197,26 ; $198,04 ; $199,44 ; $198,75 ; $199,50 ; $199,23 ; $202,86 ; $199,46 ; $201,81 ; $202,33 ; $201,86 ; $202,72 ; $201,62 ; $205,02 ; $206,81 ; $302,29 ; $303,88 ; $300,43 ; $304,86 ; $307,42 ; $303,35 ; $299,84 ; $304,24 ; $308,49 ; $304,01 ; $271,49 
PM; $156,49 ; $157,41 ; $151,06 ; $155,24 ; $155,65 ; $155,61 ; $155,85 ; $152,76 ; $155,43 ; $155,15 ; $155,56 ; $156,80 ; $155,07 ; $153,39 ; $149,90 ; $148,40 ; $147,66 ; $144,60 ; $144,33 ; $145,76 ; $146,77 ; $149,81 ; $153,21 ; $157,62 ; $157,70 ; $156,86 ; $152,00 ; $158,06 ; $158,06 ; $155,98 ; $157,73 ; $159,07 ; $159,47 ; $160,47 ; $156,85 ; $155,27 ; $154,55 ; $153,54 ; $153,27 ; $157,91 ; $160,86 ; $162,20 ; $162,99 ; $164,89 ; $164,00 ; $163,00 ; $163,77 ; $161,98 ; $162,95 ; $161,76 ; $166,30 ; $162,96 ; $161,64 ; $166,11 ; $167,90 ; $165,31 ; $164,74 ; $162,72 ; $161,55 ; $161,15 ; $163,22 ; $167,40 ; $167,13 ; $590,48 ; $590,66 ; $591,61 ; $593,21 ; $598,96 ; $591,92 ; $592,68 ; $585,51 ; $584,14 ; $581,70 ; $583,76 
VRTX; $432,17 ; $429,82 ; $424,00 ; $426,76 ; $422,32 ; $421,03 ; $435,52 ; $434,02 ; $437,15 ; $434,52 ; $434,19 ; $429,22 ; $421,20 ; $409,47 ; $416,25 ; $417,00 ; $421,67 ; $426,00 ; $425,57 ; $419,89 ; $417,21 ; $422,39 ; $420,17 ; $421,39 ; $422,63 ; $426,44 ; $426,27 ; $419,10 ; $416,81 ; $408,61 ; $407,90 ; $412,22 ; $407,37 ; $407,79 ; $414,86 ; $421,15 ; $410,28 ; $402,90 ; $403,30 ; $408,85 ; $404,21 ; $391,64 ; $395,31 ; $385,74 ; $381,87 ; $376,62 ; $379,72 ; $383,13 ; $383,12 ; $387,11 ; $387,15 ; $391,36 ; $393,21 ; $394,53 ; $397,37 ; $388,55 ; $396,48 ; $395,25 ; $396,12 ; $396,93 ; $396,62 ; $401,00 ; $391,02 ; $407,45 ; $408,24 ; $407,54 ; $408,90 ; $412,79 ; $397,70 ; $401,74 ; $407,20 ; $394,70 ; $399,38 ; $400,32 
LOW; $241,61 ; $238,10 ; $228,76 ; $234,29 ; $228,43 ; $228,41 ; $219,57 ; $225,00 ; $227,85 ; $231,47 ; $234,70 ; $235,34 ; $233,03 ; $233,16 ; $231,35 ; $234,35 ; $237,76 ; $235,64 ; $238,13 ; $239,82 ; $238,49 ; $244,07 ; $243,65 ; $242,71 ; $243,87 ; $243,53 ; $245,27 ; $242,27 ; $244,70 ; $243,10 ; $241,53 ; $240,75 ; $234,48 ; $232,22 ; $234,67 ; $237,59 ; $239,89 ; $241,67 ; $246,35 ; $247,33 ; $247,99 ; $251,31 ; $253,32 ; $257,12 ; $255,53 ; $257,33 ; $259,81 ; $260,39 ; $265,20 ; $267,57 ; $267,95 ; $270,52 ; $272,09 ; $271,83 ; $272,40 ; $266,55 ; $269,03 ; $273,02 ; $269,97 ; $264,57 ; $260,68 ; $258,74 ; $258,06 ; $240,32 ; $235,81 ; $234,21 ; $235,41 ; $236,37 ; $233,16 ; $235,06 ; $234,62 ; $249,07 ; $248,28 ; $244,96 
QCOM; $165,14 ; $163,30 ; $165,06 ; $163,30 ; $159,59 ; $166,11 ; $165,06 ; $166,75 ; $173,98 ; $174,50 ; $176,67 ; $173,98 ; $171,57 ; $170,89 ; $173,20 ; $179,72 ; $172,84 ; $180,72 ; $180,90 ; $177,26 ; $178,67 ; $181,03 ; $187,68 ; $168,94 ; $170,03 ; $169,27 ; $168,83 ; $167,04 ; $163,45 ; $164,08 ; $162,97 ; $161,74 ; $161,78 ; $153,59 ; $165,66 ; $167,77 ; $165,46 ; $168,62 ; $169,18 ; $168,85 ; $166,49 ; $166,36 ; $165,30 ; $169,20 ; $169,68 ; $173,55 ; $169,53 ; $169,72 ; $166,85 ; $168,13 ; $165,26 ; $164,14 ; $161,22 ; $161,83 ; $161,51 ; $158,95 ; $158,66 ; $160,24 ; $159,84 ; $159,71 ; $157,28 ; $158,78 ; $160,73 ; $155,65 ; $156,96 ; $155,97 ; $156,15 ; $158,67 ; $158,73 ; $159,51 ; $158,40 ; $155,72 ; $154,36 ; $153,74 
IBM; $303,21 ; $304,48 ; $304,12 ; $297,44 ; $290,40 ; $288,53 ; $289,95 ; $297,17 ; $305,69 ; $304,86 ; $314,98 ; $313,72 ; $309,13 ; $306,38 ; $312,42 ; $306,77 ; $300,85 ; $304,73 ; $307,41 ; $310,06 ; $308,21 ; $312,57 ; $313,09 ; $307,46 ; $285,00 ; $287,51 ; $282,05 ; $283,65 ; $281,28 ; $275,97 ; $280,75 ; $276,15 ; $277,22 ; $277,82 ; $288,23 ; $289,46 ; $293,87 ; $289,42 ; $288,37 ; $286,72 ; $286,49 ; $282,16 ; $279,80 ; $284,31 ; $281,44 ; $267,53 ; $272,24 ; $271,37 ; $266,40 ; $265,00 ; $259,08 ; $257,52 ; $256,24 ; $253,44 ; $257,01 ; $256,88 ; $259,11 ; $256,09 ; $248,53 ; $247,18 ; $244,10 ; $241,50 ; $243,49 ; $50,49 ; $50,38 ; $50,25 ; $49,48 ; $49,48 ; $48,26 ; $48,35 ; $48,08 ; $47,92 ; $46,94 ; $47,71 
MDT; $105,02 ; $105,35 ; $103,20 ; $101,20 ; $99,35 ; $100,34 ; $100,80 ; $96,28 ; $95,87 ; $96,14 ; $95,81 ; $95,40 ; $92,66 ; $92,20 ; $90,06 ; $90,40 ; $90,42 ; $90,20 ; $90,70 ; $90,97 ; $91,73 ; $93,23 ; $94,13 ; $93,67 ; $94,21 ; $95,90 ; $95,83 ; $95,92 ; $95,78 ; $95,04 ; $95,34 ; $96,54 ; $95,58 ; $95,45 ; $96,50 ; $97,87 ; $98,33 ; $98,43 ; $97,70 ; $95,48 ; $94,81 ; $95,24 ; $93,97 ; $94,22 ; $94,30 ; $95,74 ; $94,96 ; $94,62 ; $95,08 ; $95,59 ; $94,58 ; $94,19 ; $93,43 ; $94,03 ; $94,25 ; $92,32 ; $94,07 ; $92,99 ; $92,90 ; $92,85 ; $92,25 ; $93,33 ; $92,81 ; $33,57 ; $33,81 ; $33,68 ; $34,01 ; $34,15 ; $33,60 ; $33,29 ; $33,89 ; $33,43 ; $33,45 ; $32,90 
AMP; $1,70 ; $1,66 ; $446,05 ; $1,64 ; $441,63 ; $1,62 ; $442,81 ; $440,80 ; $458,00 ; $459,42 ; $470,54 ; $464,94 ; $459,30 ; $1,71 ; € 14,43 ; $459,07 ; € 14,50 ; $452,38 ; $1,79 ; $1,73 ; $478,54 ; $484,54 ; € 15,52 ; $479,18 ; € 15,50 ; $1,82 ; $479,36 ; $472,68 ; $470,25 ; $467,73 ; $1,76 ; $486,52 ; $481,81 ; $479,43 ; $491,38 ; $490,17 ; $497,79 ; $493,81 ; $492,00 ; $490,66 ; $486,60 ; $491,25 ; € 13,94 ; $499,29 ; $491,95 ; $1,66 ; $494,13 ; $494,36 ; $489,52 ; $491,39 ; $486,17 ; € 14,79 ; $487,65 ; $1,69 ; $1,70 ; 2,40 ; $493,34 ; $492,44 ; $489,28 ; $1,67 ; $507,20 ; $512,82 ; $514,81 ; $146,98 ; $147,64 ; $147,00 ; $148,20 ; $149,64 ; $148,98 ; $150,73 ; $152,16 ; $149,55 ; $150,40 ; $148,62 
UPS; $95,67 ; $94,54 ; $93,56 ; $94,66 ; $90,87 ; $92,41 ; $92,83 ; $94,19 ; $95,98 ; $95,97 ; $96,18 ; $95,03 ; $93,06 ; $95,95 ; $93,60 ; $92,91 ; $93,25 ; $94,09 ; $96,42 ; $95,06 ; $97,40 ; $96,36 ; $89,22 ; $87,22 ; $87,03 ; $87,08 ; $88,06 ; $86,91 ; $86,41 ; $85,64 ; $84,09 ; $84,05 ; $83,18 ; $82,87 ; $85,28 ; $86,25 ; $85,98 ; $86,62 ; $86,78 ; $85,57 ; $84,38 ; $83,53 ; $84,50 ; $83,72 ; $82,58 ; $83,90 ; $84,41 ; $84,23 ; $84,06 ; $85,05 ; $84,18 ; $85,20 ; $84,02 ; $84,35 ; $84,65 ; $83,85 ; $84,40 ; $84,32 ; $85,04 ; $84,48 ; $85,29 ; $85,23 ; $87,44 ; $98,45 ; $97,90 ; $97,05 ; $98,18 ; $96,78 ; $94,78 ; $94,89 ; $93,76 ; $94,00 ; $95,33 ; $95,65 
ALL; $213,87 ; $212,65 ; $212,37 ; ₹ 144,55 ; $211,74 ; $209,93 ; $209,96 ; $209,21 ; $214,30 ; $211,16 ; $209,21 ; $207,36 ; $203,89 ; $202,29 ; $198,01 ; $194,75 ; $195,26 ; $191,25 ; $191,52 ; $191,88 ; $190,00 ; $190,85 ; $193,20 ; $193,19 ; ₹ 137,80 ; $194,79 ; $193,74 ; $193,79 ; $195,87 ; $194,88 ; $200,42 ; $209,52 ; $205,64 ; $205,67 ; $208,99 ; $212,35 ; $211,79 ; $208,83 ; $210,82 ; $210,01 ; $210,68 ; ₹ 142,55 ; $211,28 ; $212,76 ; ₹ 140,40 ; $209,41 ; $207,73 ; $206,46 ; $206,04 ; $205,68 ; $197,25 ; $196,30 ; $196,89 ; ₹ 134,10 ; $202,47 ; $200,03 ; $200,12 ; $200,31 ; $201,53 ; $208,33 ; $204,57 ; $203,34 ; $203,45 ; $159,32 ; $159,24 ; $157,36 ; $158,20 ; $158,18 ; $155,55 ; $153,22 ; $152,00 ; $155,32 ; $156,55 ; $155,16 
CHTR; $199,81 ; $200,76 ; $199,08 ; $203,00 ; $194,71 ; $194,22 ; $200,69 ; $201,84 ; $203,10 ; $204,80 ; $213,07 ; $209,22 ; $210,45 ; $219,86 ; $217,86 ; $225,15 ; $220,91 ; $222,20 ; $233,84 ; $230,92 ; $241,56 ; $248,88 ; $245,44 ; $244,20 ; $243,92 ; $244,94 ; $252,52 ; $251,51 ; $253,16 ; $255,34 ; $264,56 ; $266,25 ; $258,73 ; $259,49 ; $265,00 ; $274,37 ; $276,48 ; $282,74 ; $280,01 ; $269,61 ; $275,10 ; $275,11 ; $276,12 ; $273,40 ; $270,57 ; $263,39 ; $267,04 ; $266,13 ; $262,55 ; $262,17 ; $268,02 ; $261,08 ; $260,72 ; $263,40 ; $263,92 ; $263,00 ; $263,35 ; $263,88 ; $261,50 ; $259,51 ; $261,22 ; $264,42 ; $265,58 ; $68,36 ; $68,83 ; $68,73 ; $68,93 ; $70,13 ; $70,66 ; $70,70 ; $70,13 ; $69,13 ; $69,92 ; $69,55 
RTX; $173,19 ; $172,15 ; $173,21 ; $169,68 ; $172,73 ; $173,77 ; $174,72 ; $175,63 ; $175,57 ; $173,96 ; $177,69 ; $179,22 ; $179,03 ; $176,97 ; $175,10 ; $174,00 ; $175,61 ; $177,04 ; $178,50 ; $177,42 ; $176,36 ; $178,67 ; $179,24 ; $178,65 ; $179,44 ; $177,98 ; $173,04 ; $160,71 ; $157,95 ; $157,05 ; $157,00 ; $159,40 ; $158,85 ; $157,70 ; $162,18 ; $168,57 ; $169,27 ; $168,80 ; $166,58 ; $166,63 ; $167,20 ; $167,33 ; $163,63 ; $163,35 ; $160,51 ; $161,38 ; $160,54 ; $159,43 ; $158,24 ; $158,19 ; $158,31 ; $158,58 ; $158,37 ; $155,85 ; $157,65 ; $155,00 ; $151,75 ; $154,22 ; $157,52 ; $158,68 ; $158,11 ; $158,01 ; $158,60 ; $117,64 ; $118,09 ; $117,65 ; $117,71 ; $118,86 ; $116,21 ; $117,04 ; $116,27 ; $116,55 ; $115,39 ; $116,31 
UNP; $230,66 ; $229,13 ; $224,50 ; $226,22 ; $221,21 ; $221,17 ; $220,82 ; $221,00 ; $223,02 ; $221,48 ; $223,55 ; $224,80 ; $223,88 ; $221,48 ; $217,99 ; $217,38 ; $220,91 ; $218,82 ; $220,37 ; $218,83 ; $216,37 ; $217,59 ; $218,23 ; $216,61 ; $220,04 ; $225,24 ; $226,54 ; $227,30 ; $226,04 ; $224,04 ; $225,72 ; $227,08 ; $225,85 ; $225,45 ; $231,54 ; $232,65 ; $231,86 ; $237,41 ; $236,80 ; $234,52 ; $234,74 ; $236,37 ; $236,18 ; $235,20 ; $232,00 ; $230,36 ; $227,98 ; $225,85 ; $220,61 ; $220,36 ; $217,17 ; $216,00 ; $216,25 ; $214,91 ; $216,04 ; $215,19 ; $216,05 ; $217,26 ; $220,31 ; $223,06 ; $221,76 ; $221,99 ; $223,57 ; $207,92 ; $208,06 ; $208,36 ; $207,55 ; $210,60 ; $209,50 ; $209,15 ; $206,19 ; $206,57 ; $206,69 ; $204,68 
AMGN; $344,57 ; $341,11 ; $334,30 ; $337,54 ; $336,07 ; $342,40 ; $343,99 ; $341,71 ; $336,74 ; $336,00 ; $336,28 ; $338,45 ; $323,66 ; $320,20 ; $315,59 ; $319,86 ; $296,70 ; $296,30 ; $298,43 ; $292,00 ; $291,77 ; $292,09 ; $291,16 ; $291,76 ; $292,89 ; $295,98 ; $301,14 ; $303,33 ; $298,81 ; $295,81 ; $297,32 ; $293,85 ; $292,41 ; $290,13 ; $295,43 ; $294,62 ; $295,54 ; $294,12 ; $297,89 ; $297,40 ; $298,50 ; $282,20 ; $273,97 ; $272,98 ; $271,18 ; $279,22 ; $286,81 ; $286,00 ; $285,41 ; $275,83 ; $274,71 ; $273,09 ; $274,40 ; $276,39 ; $282,73 ; $278,51 ; $279,97 ; $280,19 ; $283,64 ; $280,10 ; $283,85 ; $286,92 ; $287,71 ; $28,94 ; $29,06 ; $28,56 ; $28,74 ; $28,77 ; $29,44 ; $29,28 ; $28,98 ; $28,92 ; $28,87 ; $28,75 
AFL; $110,55 ; $111,63 ; $110,38 ; $110,98 ; $110,55 ; $109,40 ; $111,76 ; $112,27 ; $114,34 ; $115,01 ; $114,61 ; $113,79 ; $113,58 ; $114,09 ; $113,70 ; $111,24 ; $108,81 ; $106,97 ; $107,19 ; $106,84 ; $105,70 ; $106,68 ; $107,55 ; $107,18 ; $107,55 ; $107,85 ; $108,18 ; $108,77 ; $107,71 ; $106,73 ; $109,81 ; $111,51 ; $110,26 ; $110,95 ; $111,17 ; $111,90 ; $112,93 ; $113,07 ; $112,32 ; $110,60 ; $110,75 ; $111,70 ; $111,35 ; $111,36 ; $109,48 ; $109,31 ; $108,23 ; $107,40 ; $108,04 ; $108,00 ; $109,23 ; $107,63 ; $108,41 ; $109,13 ; $108,69 ; $107,23 ; $106,28 ; $106,34 ; $106,93 ; $108,55 ; $106,74 ; $105,62 ; $106,86 ; $254,53 ; $250,16 ; $243,74 ; $247,87 ; $248,29 ; $245,83 ; $246,45 ; $246,00 ; $243,97 ; $242,44 ; $233,37 
CME; $280,87 ; $276,98 ; $275,68 ; $273,09 ; $275,22 ; $272,49 ; $279,28 ; $279,13 ; $285,04 ; $283,54 ; $279,58 ; $278,84 ; $277,28 ; $276,50 ; $271,42 ; $268,00 ; $267,85 ; $264,16 ; $265,49 ; $262,89 ; $261,53 ; $266,33 ; $271,09 ; $269,54 ; $268,90 ; $267,81 ; $268,61 ; $267,62 ; $267,94 ; $262,51 ; $268,15 ; $267,18 ; $271,28 ; $271,45 ; $268,84 ; $264,94 ; $263,60 ; $262,05 ; $264,67 ; $265,43 ; $265,84 ; $270,19 ; $272,24 ; $270,28 ; $268,73 ; $264,43 ; $261,96 ; $261,08 ; $261,53 ; $260,59 ; $262,40 ; $259,83 ; $258,83 ; $262,30 ; $262,38 ; $259,91 ; $261,53 ; $262,58 ; $261,94 ; $267,43 ; $269,35 ; $265,40 ; $266,51 ; $944,96 ; $949,52 ; $941,34 ; $941,58 ; $958,54 ; $969,68 ; $994,57 ; $980,85 ; $979,35 ; $972,04 ; $975,39 
GS; $816,01 ; $802,32 ; $790,71 ; $774,03 ; $773,70 ; $785,99 ; $776,30 ; $775,56 ; $790,91 ; $805,50 ; $838,97 ; $810,31 ; $797,20 ; $786,34 ; $787,58 ; $793,09 ; $790,83 ; $785,52 ; $789,37 ; $790,16 ; $783,06 ; $792,09 ; $789,99 ; $783,88 ; $750,78 ; $744,60 ; $758,98 ; $763,32 ; $750,77 ; $758,09 ; $767,93 ; $770,76 ; $786,78 ; $764,36 ; $779,96 ; $776,51 ; $789,65 ; $796,78 ; $789,98 ; $779,38 ; $785,51 ; $796,35 ; $804,12 ; $802,51 ; $794,76 ; $792,43 ; $806,32 ; $805,56 ; $805,00 ; $804,31 ; $794,22 ; $785,53 ; $786,76 ; $780,06 ; $784,73 ; $769,58 ; $763,92 ; $741,85 ; $738,21 ; $748,90 ; $730,56 ; $730,85 ; $745,25 ; $97,09 ; $96,87 ; $97,24 ; $96,19 ; $95,83 ; $95,82 ; $95,51 ; $95,76 ; $96,17 ; $96,11 ; $97,78 
SO; $90,24 ; $89,29 ; $89,14 ; $89,27 ; $88,57 ; $89,05 ; $90,69 ; $90,58 ; $90,69 ; $91,17 ; $91,89 ; $91,14 ; $90,76 ; $91,44 ; $90,90 ; $91,41 ; $92,73 ; $93,15 ; $94,04 ; $95,07 ; $93,51 ; $93,91 ; $95,40 ; $95,88 ; $96,15 ; $97,48 ; $97,00 ; $97,69 ; $97,80 ; $98,43 ; $99,72 ; $99,68 ; $98,08 ; $98,29 ; $96,13 ; $96,18 ; $96,42 ; $95,49 ; $94,54 ; $93,89 ; $94,80 ; $94,77 ; $93,91 ; $94,53 ; $93,69 ; $94,41 ; $93,72 ; $92,33 ; $91,80 ; $91,45 ; $91,63 ; $91,36 ; $92,28 ; $92,27 ; $92,13 ; $91,56 ; $91,21 ; $90,83 ; $91,78 ; $91,87 ; $91,66 ; $92,09 ; $92,30 ; $72,14 ; $71,93 ; $71,55 ; $71,21 ; $71,30 ; $71,43 ; $70,82 ; $70,97 ; $70,17 ; $68,60 ; $66,73 
SBUX; $86,70 ; $85,91 ; $83,34 ; $85,35 ; $82,62 ; $83,68 ; $83,33 ; $83,69 ; $84,78 ; $86,44 ; $87,26 ; $86,42 ; $84,60 ; $85,57 ; $82,22 ; $82,88 ; $79,60 ; $80,96 ; $80,87 ; $83,15 ; $84,17 ; $85,43 ; $87,22 ; $86,09 ; $85,44 ; $85,50 ; $85,90 ; $84,53 ; $85,36 ; $84,34 ; $82,86 ; $81,15 ; $80,03 ; $78,46 ; $79,78 ; $80,04 ; $81,29 ; $82,11 ; $86,42 ; $86,72 ; $84,40 ; $84,60 ; $85,64 ; $83,39 ; $83,83 ; $84,27 ; $85,69 ; $85,29 ; $84,56 ; $83,42 ; $83,22 ; $84,37 ; $82,68 ; $81,90 ; $82,36 ; $82,88 ; $83,81 ; $84,17 ; $85,43 ; $87,01 ; $87,25 ; $89,78 ; $88,19 ; $88,02 ; $87,66 ; $86,63 ; $85,81 ; $88,38 ; $88,56 ; $89,51 ; $90,93 ; $92,54 ; $90,60 ; $93,06 
GILD; $127,51 ; $127,12 ; $125,27 ; $126,64 ; $124,99 ; $128,07 ; $127,18 ; $124,09 ; $125,02 ; $125,20 ; $123,40 ; $122,56 ; $118,15 ; $118,84 ; $123,40 ; $122,58 ; $123,00 ; $122,05 ; $119,79 ; $118,44 ; $118,50 ; $117,88 ; $120,47 ; $120,94 ; $120,74 ; $121,46 ; $124,08 ; $123,11 ; $122,81 ; $117,85 ; $118,30 ; $118,48 ; $118,21 ; $117,18 ; $116,74 ; $118,25 ; $116,78 ; $113,58 ; $112,69 ; $110,56 ; $111,15 ; $111,00 ; $112,62 ; $112,10 ; $110,99 ; $113,67 ; $114,40 ; $112,49 ; $114,09 ; $113,62 ; $112,26 ; $110,86 ; $112,54 ; $114,55 ; $117,86 ; $115,25 ; $115,76 ; $115,88 ; $115,05 ; $112,77 ; $112,99 ; $112,71 ; $112,97 ; $112,56 ; $113,92 ; $114,75 ; $114,15 ; $114,77 ; $116,14 ; $118,73 ; $117,98 ; $117,99 ; $118,37 ; $119,02 
BLK; $1.040,06 ; $1.029,77 ; $1.019,49 ; $1.014,72 ; $992,52 ; $1.014,68 ; $1.019,14 ; $1.023,80 ; $1.057,94 ; $1.069,65 ; $1.093,93 ; $1.085,76 ; $1.082,63 ; $1.082,20 ; $1.069,44 ; $1.073,57 ; $1.059,91 ; $1.068,83 ; $1.082,81 ; $1.098,05 ; $1.098,00 ; $1.124,95 ; $1.131,31 ; $1.136,63 ; $1.125,00 ; $1.129,68 ; $1.130,00 ; $1.160,00 ; $1.161,16 ; $1.171,36 ; $1.202,59 ; $1.194,26 ; $1.155,12 ; $1.132,36 ; $1.167,43 ; $1.165,00 ; $1.166,23 ; $1.179,27 ; $1.160,69 ; $1.160,54 ; $1.141,07 ; $1.165,87 ; $1.175,56 ; $1.156,45 ; $1.147,29 ; $1.127,98 ; $1.131,75 ; $1.136,21 ; $1.142,85 ; $1.137,13 ; $1.131,78 ; $1.118,89 ; $1.115,11 ; $1.123,41 ; $1.134,18 ; $1.102,89 ; $1.105,67 ; $1.104,92 ; $1.099,15 ; $1.108,76 ; $1.099,49 ; $1.114,77 ; $1.127,14 ; $1.130,48 ; $1.131,63 ; $1.139,80 ; $1.137,10 ; $1.148,17 ; $1.124,75 ; $1.128,46 ; $1.128,47 ; $1.136,12 ; $1.135,01 ; $1.160,16 
GE; $296,62 ; $293,44 ; $294,05 ; $287,44 ; $290,62 ; $300,82 ; $296,01 ; $300,13 ; $304,82 ; $304,17 ; $309,02 ; $310,72 ; $311,94 ; $307,27 ; $305,27 ; $305,11 ; $304,20 ; $308,62 ; $308,95 ; $310,75 ; $314,28 ; $309,79 ; $312,84 ; $303,87 ; $306,39 ; $297,89 ; $306,63 ; $302,68 ; $300,14 ; $299,84 ; $300,12 ; $300,08 ; $297,53 ; $291,49 ; $299,35 ; $302,56 ; $301,74 ; $298,22 ; $297,00 ; $299,45 ; $300,88 ; $300,82 ; $293,63 ; $294,98 ; $297,18 ; $300,30 ; $305,63 ; $301,02 ; $301,14 ; $297,09 ; $289,50 ; $292,97 ; $286,78 ; $281,69 ; $281,56 ; $283,41 ; $276,24 ; $276,05 ; $279,23 ; $282,27 ; $275,93 ; $275,39 ; $275,20 ; $276,00 ; $273,35 ; $273,94 ; $266,61 ; $266,53 ; $268,71 ; $266,44 ; $265,93 ; $268,45 ; $267,85 ; $269,70 
AXP; $363,97 ; $362,64 ; $355,93 ; $352,89 ; $343,80 ; $344,64 ; $340,66 ; $341,25 ; $357,18 ; $364,73 ; $372,77 ; $370,16 ; $367,88 ; $368,54 ; $365,73 ; $365,80 ; $360,49 ; $361,62 ; $360,73 ; $358,88 ; $358,22 ; $361,03 ; $361,67 ; $357,56 ; $354,93 ; $352,00 ; $355,22 ; $349,48 ; $346,62 ; $323,12 ; $330,66 ; $332,85 ; $323,12 ; $316,26 ; $324,44 ; $323,82 ; $327,97 ; $331,99 ; $330,24 ; $330,48 ; $328,56 ; $332,16 ; $342,31 ; $341,68 ; $340,18 ; $340,48 ; $341,47 ; $340,98 ; $341,12 ; $341,67 ; $336,00 ; $327,04 ; $327,26 ; $325,31 ; $329,32 ; $323,35 ; $324,34 ; $325,41 ; $326,22 ; $330,65 ; $323,71 ; $331,18 ; $331,28 ; $326,99 ; $322,46 ; $320,60 ; $315,80 ; $319,16 ; $308,17 ; $308,40 ; $306,10 ; $307,05 ; $305,47 ; $307,73 
CAT; $573,73 ; $566,61 ; $559,60 ; $550,43 ; $546,13 ; $553,11 ; $546,88 ; $552,05 ; $554,03 ; $553,55 ; $573,02 ; $567,93 ; $570,85 ; $563,10 ; $569,78 ; $569,15 ; $547,58 ; $570,59 ; $577,26 ; $583,15 ; $585,49 ; $524,47 ; $527,07 ; $522,73 ; $520,50 ; $513,91 ; $524,65 ; $531,18 ; $527,08 ; $540,96 ; $534,05 ; $527,47 ; $504,76 ; $491,30 ; $500,36 ; $502,12 ; $486,71 ; $495,38 ; $497,85 ; $490,57 ; $480,82 ; $477,15 ; $471,61 ; $465,76 ; $463,72 ; $469,79 ; $471,26 ; $472,10 ; $466,54 ; $466,96 ; $450,66 ; $440,67 ; $435,94 ; $431,52 ; $431,38 ; $422,91 ; $418,09 ; $422,78 ; $423,08 ; $420,22 ; $415,12 ; $416,05 ; $419,04 ; $434,91 ; $432,67 ; $431,26 ; $432,30 ; $435,67 ; $417,89 ; $420,59 ; $416,09 ; $412,64 ; $407,79 ; $417,50 
F; $13,19 ; $13,17 ; $12,96 ; $12,83 ; $12,41 ; $12,90 ; $13,02 ; $12,88 ; $13,19 ; $13,28 ; $13,45 ; $13,30 ; $13,16 ; $13,21 ; $13,12 ; $13,11 ; $12,79 ; $13,01 ; $13,13 ; $13,06 ; $13,24 ; $13,13 ; $13,26 ; $13,84 ; $12,34 ; $12,43 ; $12,56 ; $11,99 ; $11,92 ; $11,74 ; $11,76 ; $11,65 ; $11,54 ; $11,41 ; $11,50 ; $11,74 ; $11,92 ; $12,70 ; $12,67 ; $12,22 ; $12,27 ; $11,96 ; $12,09 ; $12,01 ; $11,62 ; $11,63 ; $11,73 ; $11,66 ; $11,62 ; $11,74 ; $11,66 ; $11,61 ; $11,68 ; $11,68 ; $11,76 ; $11,42 ; $11,49 ; $11,69 ; $11,74 ; $11,68 ; $11,62 ; $11,72 ; $11,77 ; $11,71 ; $11,91 ; $11,84 ; $11,82 ; $11,74 ; $11,33 ; $11,49 ; $11,58 ; $11,46 ; $11,44 ; $11,44 
TGT; $89,80 ; $86,58 ; $84,54 ; $87,62 ; $83,68 ; $86,08 ; $88,53 ; $88,48 ; $89,90 ; $90,62 ; $91,91 ; $91,58 ; $90,73 ; $91,24 ; $89,15 ; $91,94 ; $89,98 ; $91,45 ; $92,72 ; $92,92 ; $94,12 ; $97,11 ; $97,77 ; $94,26 ; $94,25 ; $94,02 ; $94,40 ; $91,53 ; $90,84 ; $90,07 ; $90,91 ; $88,96 ; $87,34 ; $85,53 ; $89,10 ; $90,38 ; $89,27 ; $88,96 ; $89,03 ; $89,51 ; $89,14 ; $89,70 ; $88,83 ; $87,85 ; $87,14 ; $88,31 ; $87,05 ; $86,56 ; $88,13 ; $89,42 ; $88,93 ; $89,72 ; $88,56 ; $89,96 ; $91,52 ; $90,78 ; $90,91 ; $91,50 ; $93,17 ; $92,71 ; $92,35 ; $92,44 ; $95,98 ; $96,81 ; $97,96 ; $96,11 ; $97,13 ; $99,24 ; $97,06 ; $98,69 ; $105,36 ; $104,95 ; $103,02 ; $104,25 
DUK; $123,43 ; $121,93 ; $122,09 ; $122,80 ; $122,54 ; $122,23 ; $123,80 ; $125,18 ; $122,71 ; $123,59 ; $123,90 ; $123,67 ; $122,93 ; $123,66 ; $124,00 ; $123,77 ; $123,83 ; $123,67 ; $124,30 ; $125,21 ; $124,29 ; $125,65 ; $127,49 ; $127,37 ; $127,26 ; $129,03 ; $128,33 ; $128,94 ; $128,53 ; $127,40 ; $128,67 ; $127,82 ; $126,09 ; $127,02 ; $124,71 ; $125,23 ; $125,56 ; $124,38 ; $123,54 ; $121,57 ; $122,39 ; $123,75 ; $122,80 ; $123,02 ; $122,32 ; $123,64 ; $123,10 ; $121,58 ; $121,08 ; $120,39 ; $121,10 ; $120,25 ; $122,37 ; $121,95 ; $122,11 ; $121,35 ; $120,38 ; $120,17 ; $120,61 ; $120,87 ; $121,50 ; $121,89 ; $122,49 ; $122,37 ; $123,68 ; $123,28 ; $123,11 ; $124,34 ; $124,14 ; $124,48 ; $123,78 ; $121,46 ; $122,45 ; $124,26 
APD; $258,96 ; $258,93 ; $256,58 ; $257,37 ; $251,09 ; $253,25 ; $252,16 ; $253,09 ; $259,34 ; $263,03 ; $261,55 ; $262,23 ; $258,43 ; $259,74 ; $258,79 ; $237,56 ; $240,77 ; $239,36 ; $242,59 ; $244,66 ; $248,34 ; $254,43 ; $255,76 ; $254,91 ; $254,93 ; $253,15 ; $254,71 ; $254,21 ; $253,20 ; $253,18 ; $257,41 ; $262,00 ; $260,86 ; $257,08 ; $262,71 ; $268,58 ; $270,89 ; $270,95 ; $271,47 ; $270,60 ; $268,70 ; $272,72 ; $270,48 ; $266,78 ; $265,78 ; $272,28 ; $276,58 ; $287,49 ; $290,15 ; $292,45 ; $290,63 ; $284,95 ; $289,52 ; $292,82 ; $294,52 ; $287,50 ; $287,14 ; $288,91 ; $289,86 ; $289,97 ; $291,28 ; $292,19 ; $294,11 ; $295,02 ; $294,59 ; $293,97 ; $294,17 ; $299,30 ; $293,52 ; $292,37 ; $290,22 ; $288,14 ; $290,46 ; $292,17 
LMT; $454,16 ; $452,41 ; $451,06 ; $460,78 ; $468,26 ; $469,91 ; $474,72 ; $470,78 ; $465,77 ; $455,85 ; $457,04 ; $457,07 ; $452,10 ; $458,35 ; $468,92 ; $473,14 ; $484,98 ; $487,94 ; $491,88 ; $489,72 ; $485,33 ; $485,77 ; $486,91 ; $485,41 ; $488,05 ; $487,14 ; $489,50 ; $505,90 ; $495,15 ; $493,25 ; $499,41 ; $505,18 ; $503,83 ; $505,05 ; $507,76 ; $514,02 ; $511,07 ; $514,24 ; $504,49 ; $499,36 ; $499,00 ; $499,21 ; $491,98 ; $487,44 ; $484,34 ; $486,25 ; $486,67 ; $480,39 ; $472,94 ; $473,62 ; $473,12 ; $474,32 ; $473,25 ; $471,31 ; $470,73 ; $463,87 ; $457,06 ; $459,11 ; $463,90 ; $456,85 ; $449,06 ; $452,50 ; $455,63 ; $456,18 ; $454,47 ; $455,46 ; $447,72 ; $446,20 ; $447,20 ; $446,00 ; $441,10 ; $440,64 ; $437,56 ; $437,32 
ADP; $254,33 ; $256,31 ; $250,10 ; $253,12 ; $249,06 ; $250,41 ; $249,69 ; $250,90 ; $253,09 ; $254,61 ; $254,55 ; $255,20 ; $254,06 ; $254,16 ; $252,36 ; $259,57 ; $259,22 ; $257,17 ; $260,30 ; $261,53 ; $261,22 ; $279,63 ; $280,53 ; $280,94 ; $281,55 ; $283,95 ; $283,98 ; $283,03 ; $281,27 ; $280,16 ; $284,21 ; $285,92 ; $284,35 ; $285,19 ; $285,89 ; $290,70 ; $292,94 ; $290,55 ; $291,31 ; $289,87 ; $291,61 ; $293,50 ; $292,66 ; $291,54 ; $288,89 ; $291,50 ; $289,22 ; $293,66 ; $292,00 ; $290,95 ; $288,75 ; $288,69 ; $290,87 ; $293,50 ; $298,03 ; $292,39 ; $297,24 ; $298,43 ; $295,97 ; $301,19 ; $298,86 ; $299,77 ; $304,05 ; $304,10 ; $303,09 ; $303,45 ; $303,84 ; $307,95 ; $304,94 ; $309,03 ; $305,72 ; $302,65 ; $301,79 ; $301,68 
CI; $278,35 ; $278,20 ; $271,47 ; $278,09 ; $269,60 ; $271,99 ; $272,61 ; $271,33 ; $269,66 ; $270,89 ; $270,61 ; $268,00 ; $258,16 ; $264,58 ; $256,38 ; $259,58 ; $264,66 ; $258,62 ; $244,41 ; $247,10 ; $299,12 ; $308,41 ; $309,18 ; $301,78 ; $305,07 ; $307,87 ; $307,50 ; $306,84 ; $299,27 ; $291,07 ; $294,57 ; $302,13 ; $295,41 ; $300,73 ; $306,13 ; $306,76 ; $307,14 ; $302,99 ; $311,00 ; $296,98 ; $291,65 ; $288,25 ; $286,64 ; $286,17 ; $284,06 ; $291,43 ; $290,08 ; $288,62 ; $290,36 ; $293,76 ; $296,59 ; $294,21 ; $297,14 ; $302,76 ; $305,87 ; $302,44 ; $302,01 ; $300,89 ; $305,31 ; $304,03 ; $300,48 ; $300,72 ; $300,87 ; $299,00 ; $299,95 ; $300,32 ; $300,76 ; $304,35 ; $300,95 ; $304,57 ; $302,11 ; $298,32 ; $296,86 ; $290,35 
BDX; $193,90 ; $195,49 ; $190,96 ; $192,72 ; $189,58 ; $191,22 ; $192,33 ; $190,98 ; $193,04 ; $193,04 ; $192,12 ; $189,02 ; $181,64 ; $177,84 ; $177,39 ; $176,39 ; $179,04 ; $177,30 ; $178,71 ; $179,38 ; $181,52 ; $184,21 ; $187,04 ; $185,83 ; $186,53 ; $188,11 ; $189,03 ; $191,00 ; $189,10 ; $185,27 ; $186,77 ; $188,36 ; $186,66 ; $186,56 ; $189,08 ; $193,93 ; $192,53 ; $191,99 ; $193,61 ; $191,60 ; $190,94 ; $187,17 ; $184,00 ; $184,60 ; $180,59 ; $186,05 ; $186,52 ; $186,55 ; $187,04 ; $188,37 ; $187,57 ; $186,21 ; $185,74 ; $186,84 ; $190,56 ; $188,43 ; $190,49 ; $191,58 ; $192,39 ; $191,26 ; $189,61 ; $188,15 ; $192,98 ; $191,25 ; $195,40 ; $194,07 ; $194,65 ; $199,66 ; $196,63 ; $199,20 ; $198,03 ; $195,00 ; $195,94 ; $195,00 
CCI; $90,55 ; $89,40 ; $89,02 ; $90,01 ; $90,12 ; $91,05 ; $91,04 ; $90,55 ; $91,68 ; $90,61 ; $93,67 ; $94,23 ; $91,83 ; $89,54 ; $87,81 ; $89,83 ; $90,32 ; $89,52 ; $90,22 ; $91,32 ; $92,32 ; $94,58 ; $97,60 ; $98,49 ; $98,27 ; $97,70 ; $98,65 ; $98,87 ; $97,48 ; $98,06 ; $98,06 ; $97,29 ; $96,10 ; $97,58 ; $96,62 ; $96,42 ; $95,14 ; $93,99 ; $95,45 ; $95,46 ; $95,71 ; $96,49 ; $96,19 ; $95,31 ; $93,98 ; $93,71 ; $94,35 ; $94,28 ; $93,60 ; $92,96 ; $94,80 ; $93,57 ; $93,57 ; $95,39 ; $95,58 ; $94,03 ; $94,50 ; $93,88 ; $96,15 ; $95,46 ; $97,07 ; $98,10 ; $99,14 ; $97,74 ; $100,15 ; $101,39 ; $102,97 ; $103,79 ; $102,80 ; $102,86 ; $102,42 ; $100,55 ; $101,69 ; $101,05 
TJX; $153,13 ; $152,39 ; $148,86 ; $151,43 ; $148,07 ; $145,81 ; $145,58 ; $145,18 ; $146,08 ; $146,40 ; $147,63 ; $146,16 ; $146,72 ; $144,61 ; $143,77 ; $143,70 ; $142,05 ; $140,41 ; $140,14 ; $142,29 ; $141,69 ; $144,03 ; $143,27 ; $141,91 ; $142,40 ; $143,06 ; $143,91 ; $143,33 ; $143,84 ; $142,55 ; $145,16 ; $144,10 ; $141,39 ; $140,38 ; $138,56 ; $140,71 ; $142,66 ; $143,11 ; $141,33 ; $142,49 ; $144,32 ; $144,54 ; $143,52 ; $143,09 ; $141,46 ; $140,44 ; $139,72 ; $139,41 ; $139,78 ; $139,93 ; $140,04 ; $139,55 ; $141,17 ; $139,48 ; $140,83 ; $139,86 ; $139,97 ; $140,84 ; $139,26 ; $141,02 ; $139,47 ; $138,57 ; $136,61 ; $137,12 ; $137,23 ; $136,68 ; $135,50 ; $136,54 ; $137,51 ; $138,27 ; $134,62 ; $133,06 ; $132,62 ; $132,95 
ISRG; $574,23 ; $578,87 ; $568,48 ; $561,61 ; $552,23 ; $564,64 ; $546,77 ; $546,71 ; $549,51 ; $565,51 ; $572,45 ; $572,17 ; $576,20 ; $560,00 ; $547,78 ; $548,55 ; $538,82 ; $544,21 ; $534,28 ; $530,02 ; $537,59 ; $545,39 ; $551,25 ; $546,51 ; $551,30 ; $527,03 ; $462,74 ; $458,47 ; $446,13 ; $434,62 ; $435,61 ; $436,39 ; $435,73 ; $429,59 ; $443,76 ; $448,09 ; $440,94 ; $449,69 ; $452,35 ; $443,01 ; $438,04 ; $447,23 ; $439,22 ; $441,12 ; $438,12 ; $443,99 ; $447,75 ; € 376,65 ; $438,72 ; $435,83 ; $433,66 ; $434,50 ; $433,99 ; € 384,35 ; $455,85 ; $449,98 ; $467,54 ; $470,00 ; $466,86 ; $454,52 ; $441,18 ; $469,07 ; $473,30 ; $473,84 ; $471,15 ; $474,26 ; $468,44 ; $476,16 ; $469,88 ; $480,45 ; $479,20 ; $481,28 ; $480,26 ; $477,08 
ZTS; $127,69 ; $127,89 ; $122,87 ; $122,06 ; $115,89 ; $117,08 ; $118,14 ; $118,80 ; $120,82 ; $121,16 ; $121,25 ; $120,12 ; $119,79 ; $120,24 ; $119,56 ; $120,49 ; $124,46 ; $144,35 ; $144,09 ; $144,10 ; $143,94 ; $145,41 ; $147,53 ; $145,94 ; $146,39 ; $147,11 ; $146,09 ; $145,06 ; $144,06 ; $143,26 ; $142,12 ; $143,46 ; $142,26 ; $141,11 ; $143,39 ; $143,49 ; $142,77 ; $145,36 ; $146,42 ; $146,49 ; $146,95 ; $146,32 ; $143,06 ; $143,50 ; $141,13 ; $141,67 ; $142,61 ; $144,65 ; $145,88 ; $147,10 ; $146,93 ; $147,46 ; $146,25 ; $148,20 ; $150,61 ; $149,42 ; $149,79 ; $151,75 ; $153,32 ; $153,20 ; $152,43 ; $152,88 ; $156,40 ; $154,79 ; $155,37 ; $154,79 ; $155,19 ; $156,62 ; $155,61 ; $156,76 ; $155,67 ; $152,32 ; $154,11 ; $153,06 
SPGI; $495,61 ; $494,19 ; $489,24 ; $493,60 ; $490,91 ; $490,80 ; $490,28 ; $488,95 ; $493,90 ; $502,96 ; $495,84 ; $497,73 ; $493,84 ; $496,42 ; $490,00 ; $497,10 ; $499,21 ; $497,02 ; $487,21 ; $491,57 ; $473,05 ; $493,68 ; $496,64 ; $489,45 ; $482,70 ; $479,74 ; $483,79 ; $477,59 ; $473,19 ; $472,05 ; $482,88 ; $486,69 ; $479,34 ; $486,10 ; $487,61 ; $482,43 ; $481,22 ; $478,35 ; $479,81 ; $476,63 ; $481,67 ; $486,71 ; $491,34 ; $487,18 ; $484,94 ; $490,74 ; $496,76 ; $505,57 ; $507,16 ; $507,80 ; $544,10 ; $541,29 ; $543,99 ; $544,23 ; $550,88 ; $539,89 ; $547,71 ; $545,87 ; $538,06 ; $540,26 ; $539,24 ; $539,64 ; $548,44 ; $547,55 ; $549,87 ; $552,32 ; $551,69 ; $556,66 ; $552,44 ; $557,03 ; $554,43 ; $551,21 ; $556,47 ; $564,15 
SYY; $75,90 ; $75,91 ; $74,70 ; $76,63 ; $75,48 ; $75,73 ; $75,90 ; $75,13 ; $74,71 ; $75,07 ; $75,42 ; $75,49 ; $74,58 ; $75,18 ; $72,91 ; $73,18 ; $73,10 ; $72,90 ; $74,28 ; $74,70 ; $74,29 ; $75,89 ; $78,00 ; $77,35 ; $78,21 ; $78,60 ; $79,16 ; $79,90 ; $79,91 ; $78,83 ; $80,09 ; $80,14 ; $78,27 ; $78,45 ; $78,04 ; $78,76 ; $79,95 ; $80,83 ; $82,15 ; $83,27 ; $82,82 ; $82,34 ; $81,84 ; $81,94 ; $81,12 ; $81,82 ; $82,22 ; $81,37 ; $82,39 ; $81,93 ; $82,46 ; $81,53 ; $79,87 ; $81,29 ; $81,04 ; $80,19 ; $80,85 ; $81,55 ; $82,45 ; $82,51 ; $81,04 ; $80,55 ; $80,47 ; $79,59 ; $80,30 ; $79,63 ; $79,33 ; $80,29 ; $79,72 ; $80,98 ; $79,49 ; $79,22 ; $79,52 ; $81,20 
EL; $93,70 ; $91,94 ; $93,39 ; $89,90 ; $86,61 ; $85,91 ; $88,06 ; $86,09 ; $88,18 ; $89,92 ; $92,01 ; $90,84 ; $89,63 ; $87,75 ; $87,78 ; $91,09 ; $92,88 ; $93,25 ; $96,69 ; $97,61 ; $97,36 ; $98,76 ; $100,46 ; $102,16 ; $99,49 ; $98,63 ; $98,54 ; $102,52 ; $100,78 ; $96,80 ; $95,27 ; $95,00 ; $92,74 ; $87,65 ; $93,97 ; $95,76 ; $92,68 ; $88,66 ; $88,02 ; $88,77 ; $86,20 ; $88,12 ; $89,13 ; $86,66 ; $83,99 ; $85,33 ; $87,72 ; $87,27 ; $87,80 ; $88,00 ; $88,17 ; $88,52 ; $87,40 ; $83,65 ; $86,81 ; $87,43 ; $88,70 ; $88,85 ; $89,20 ; $87,46 ; $91,93 ; $90,79 ; $91,73 ; $91,77 ; $92,61 ; $89,82 ; $88,68 ; $91,23 ; $87,72 ; $86,57 ; $89,87 ; $90,74 ; $90,97 ; $89,50 
GM; $72,81 ; $72,78 ; $71,00 ; $70,33 ; $68,04 ; $68,50 ; $67,93 ; $67,91 ; $70,52 ; $71,89 ; $71,84 ; $71,22 ; $71,05 ; $70,75 ; $68,84 ; $68,77 ; $66,87 ; $68,22 ; $69,09 ; $68,67 ; $69,13 ; $69,87 ; $69,38 ; $69,66 ; $66,85 ; $67,31 ; $66,62 ; $58,00 ; $58,38 ; $57,34 ; $57,80 ; $57,15 ; $55,62 ; $55,35 ; $55,92 ; $56,40 ; $57,26 ; $58,19 ; $60,13 ; $59,36 ; $61,34 ; $60,97 ; $61,12 ; $61,24 ; $60,59 ; $59,92 ; $58,58 ; $58,88 ; $58,98 ; $59,26 ; $58,73 ; $58,46 ; $58,95 ; $58,50 ; $58,71 ; $57,34 ; $58,01 ; $58,20 ; $58,27 ; $58,15 ; $57,75 ; $58,53 ; $58,59 ; $58,49 ; $58,75 ; $58,80 ; $58,28 ; $58,37 ; $56,51 ; $56,77 ; $57,06 ; $56,23 ; $56,31 ; $56,42 
MCO; $487,13 ; $485,67 ; $478,75 ; $479,65 ; $474,52 ; $472,86 ; $470,16 ; $472,12 ; $479,48 ; $490,77 ; $490,84 ; $493,00 ; $484,93 ; $487,98 ; $482,21 ; $486,46 ; $487,46 ; $485,95 ; $480,30 ; $478,97 ; $471,70 ; $490,76 ; $495,08 ; $490,82 ; $479,30 ; $472,79 ; $484,92 ; $474,46 ; $471,04 ; $468,56 ; $478,51 ; $481,25 ; $473,72 ; $484,10 ; $492,46 ; $490,09 ; $488,43 ; $483,45 ; $485,04 ; $482,17 ; $479,82 ; $476,48 ; $480,82 ; $476,74 ; $472,69 ; $474,80 ; $476,78 ; $488,29 ; $480,74 ; $482,32 ; $511,77 ; $508,00 ; $508,76 ; $512,31 ; $518,70 ; $506,08 ; $507,96 ; $507,63 ; $499,03 ; $499,76 ; $496,44 ; $498,50 ; $509,76 ; $509,43 ; $510,07 ; $511,39 ; $510,00 ; $516,01 ; $509,47 ; $514,95 ; $512,00 ; $509,22 ; $516,46 ; $521,32 
AIG; $76,04 ; $75,01 ; $75,11 ; $75,96 ; $75,69 ; $75,75 ; $77,07 ; $76,46 ; $77,75 ; $78,35 ; $78,00 ; $76,15 ; $76,92 ; $76,93 ; $76,28 ; $76,32 ; $80,71 ; $78,96 ; $78,96 ; $78,19 ; $77,98 ; $78,39 ; $79,31 ; $79,00 ; $78,85 ; $78,94 ; $78,38 ; $77,69 ; $77,36 ; $77,02 ; $81,26 ; $82,91 ; $81,82 ; $81,30 ; $83,17 ; $84,00 ; $84,05 ; $83,02 ; $81,02 ; $79,64 ; $79,64 ; $78,54 ; $77,90 ; $77,98 ; $77,10 ; $77,90 ; $76,70 ; $76,53 ; $76,98 ; $78,03 ; $76,80 ; $76,34 ; $77,03 ; $78,93 ; $78,72 ; $78,00 ; $78,48 ; $78,77 ; $79,21 ; $81,73 ; $81,34 ; $81,05 ; $81,32 ; $81,60 ; $82,21 ; $82,58 ; $82,79 ; $83,38 ; $82,59 ; $82,53 ; $81,29 ; $80,38 ; $80,01 ; $80,31 
ADSK; $301,38 ; $294,43 ; $289,85 ; $290,80 ; $286,95 ; $291,19 ; $292,23 ; $291,96 ; $299,39 ; $297,17 ; $301,74 ; $301,86 ; $298,72 ; $297,18 ; $294,86 ; $300,96 ; $300,86 ; $303,64 ; $301,34 ; $300,77 ; $297,08 ; $311,08 ; $313,53 ; $312,88 ; $309,84 ; $308,15 ; $310,57 ; $307,95 ; $303,66 ; $299,82 ; $305,08 ; $306,59 ; $307,97 ; $303,50 ; $310,32 ; $311,41 ; $314,19 ; $323,43 ; $318,90 ; $320,91 ; $315,73 ; $317,67 ; $322,03 ; $322,88 ; $320,17 ; $323,52 ; $324,86 ; $324,39 ; $322,67 ; $323,04 ; $319,28 ; $318,51 ; $321,07 ; $319,05 ; $324,52 ; $323,80 ; $325,19 ; $326,79 ; $326,37 ; $319,93 ; $317,51 ; $319,16 ; $314,70 ; $288,49 ; $285,95 ; $282,45 ; $285,34 ; $290,23 ; $286,06 ; $288,63 ; $289,24 ; $289,66 ; $286,73 ; $283,75 
PLD; $128,16 ; $127,39 ; $126,45 ; $125,79 ; $123,12 ; $122,40 ; $123,80 ; $123,52 ; $122,83 ; $124,00 ; $124,84 ; $126,26 ; $124,90 ; $125,60 ; $124,00 ; $123,82 ; $124,00 ; $124,22 ; $124,09 ; $124,23 ; $123,47 ; $125,72 ; $127,08 ; $126,43 ; $125,77 ; $125,95 ; $125,99 ; $127,18 ; $124,08 ; $121,17 ; $122,76 ; $115,45 ; $112,72 ; $111,23 ; $114,45 ; $115,99 ; $115,97 ; $117,13 ; $117,06 ; $116,12 ; $116,48 ; $114,52 ; $114,24 ; $114,19 ; $113,21 ; $112,86 ; $114,44 ; $113,93 ; $113,51 ; $115,16 ; $113,89 ; $114,03 ; $114,27 ; $115,35 ; $114,82 ; $110,98 ; $111,97 ; $113,56 ; $113,65 ; $112,61 ; $110,95 ; $111,30 ; $113,78 ; $112,64 ; $112,68 ; $111,35 ; $111,62 ; $112,28 ; $108,39 ; $110,18 ; $110,76 ; $105,44 ; $106,59 ; $105,85 
BSX; $100,96 ; $101,36 ; $98,04 ; $96,88 ; $96,60 ; $97,01 ; $99,22 ; $101,76 ; $102,69 ; $104,98 ; $104,13 ; $102,50 ; $100,91 ; $100,02 ; $99,05 ; $98,90 ; $98,84 ; $98,59 ; $100,72 ; $100,57 ; $100,30 ; $100,97 ; $102,43 ; $101,11 ; $102,39 ; $103,85 ; $99,90 ; $100,53 ; $99,24 ; $97,78 ; $97,71 ; $96,24 ; $94,95 ; $95,41 ; $97,28 ; $96,79 ; $95,90 ; $96,70 ; $97,32 ; $96,22 ; $95,85 ; $97,63 ; $97,04 ; $98,18 ; $98,14 ; $98,06 ; $97,69 ; $97,03 ; $97,83 ; $98,23 ; $98,50 ; $98,98 ; $99,87 ; $102,71 ; $104,34 ; $105,23 ; $108,09 ; $108,14 ; $107,22 ; $107,29 ; $107,53 ; $106,66 ; $105,50 ; $105,75 ; $105,87 ; $106,39 ; $105,11 ; $106,17 ; $105,21 ; $106,05 ; $103,75 ; $103,05 ; $103,17 ; $104,15 
GIS; $47,17 ; $46,95 ; $46,95 ; $48,33 ; $47,81 ; $47,63 ; $47,69 ; $46,97 ; $47,41 ; $47,33 ; $46,50 ; $46,65 ; $46,22 ; $46,88 ; $45,98 ; $46,39 ; $46,38 ; $46,43 ; $46,61 ; $47,05 ; $46,57 ; $48,05 ; $48,29 ; $47,41 ; $47,93 ; $49,18 ; $48,57 ; $48,81 ; $48,39 ; $47,71 ; $47,74 ; $48,58 ; $48,15 ; $49,34 ; $49,21 ; $49,75 ; $50,93 ; $50,18 ; $50,36 ; $50,32 ; $50,70 ; $50,42 ; $49,66 ; $50,09 ; $49,43 ; $51,11 ; $50,56 ; $50,07 ; $50,35 ; $49,85 ; $49,18 ; $49,56 ; $49,01 ; $49,92 ; $50,61 ; $50,01 ; $50,35 ; $50,12 ; $50,58 ; $49,61 ; $49,75 ; $49,32 ; $49,33 ; $48,44 ; $49,25 ; $49,25 ; $49,33 ; $50,18 ; $49,81 ; $49,64 ; $49,91 ; $49,35 ; $49,65 ; $49,67 
CL; $80,04 ; $79,82 ; $79,18 ; $80,93 ; $78,86 ; $78,47 ; $79,33 ; $78,81 ; $78,05 ; $78,79 ; $78,56 ; $79,47 ; $78,47 ; $78,76 ; $77,27 ; $76,91 ; $76,55 ; $74,98 ; $77,05 ; $76,51 ; $75,73 ; $77,14 ; $77,83 ; $78,00 ; $78,44 ; $79,86 ; $78,62 ; $78,75 ; $79,12 ; $78,08 ; $77,63 ; $78,40 ; $76,98 ; $77,96 ; $77,81 ; $78,00 ; $79,11 ; $77,45 ; $78,00 ; $78,31 ; $79,01 ; $79,94 ; $80,40 ; $79,59 ; $79,70 ; $81,13 ; $80,15 ; $79,36 ; $81,17 ; $81,53 ; $82,22 ; $81,48 ; $82,13 ; $83,28 ; $84,06 ; $83,20 ; $84,28 ; $84,19 ; $85,13 ; $83,67 ; $83,81 ; $84,39 ; $84,07 ; $83,42 ; $84,45 ; $84,14 ; $84,06 ; $85,94 ; $86,28 ; $86,05 ; $85,85 ; $84,26 ; $85,07 ; $84,65 
DUK; $123,43 ; $121,93 ; $122,09 ; $122,80 ; $122,54 ; $122,23 ; $123,80 ; $125,18 ; $122,71 ; $123,59 ; $123,90 ; $123,67 ; $122,93 ; $123,66 ; $124,00 ; $123,77 ; $123,83 ; $123,67 ; $124,30 ; $125,21 ; $124,29 ; $125,65 ; $127,49 ; $127,37 ; $127,26 ; $129,03 ; $128,33 ; $128,94 ; $128,53 ; $127,40 ; $128,67 ; $127,82 ; $126,09 ; $127,02 ; $124,71 ; $125,23 ; $125,56 ; $124,38 ; $123,54 ; $121,57 ; $122,39 ; $123,75 ; $122,80 ; $123,02 ; $122,32 ; $123,64 ; $123,10 ; $121,58 ; $121,08 ; $120,39 ; $121,10 ; $120,25 ; $122,37 ; $121,95 ; $122,11 ; $121,35 ; $120,38 ; $120,17 ; $120,61 ; $120,87 ; $121,50 ; $121,89 ; $122,49 ; $122,37 ; $123,68 ; $123,28 ; $123,11 ; $124,34 ; $124,14 ; $124,48 ; $123,78 ; $121,46 ; $122,45 ; $124,26 
KO; $72,88 ; $72,61 ; $72,59 ; $72,95 ; $71,21 ; $71,11 ; $71,22 ; $70,68 ; $71,16 ; $71,07 ; $71,51 ; $71,61 ; $70,52 ; $70,55 ; $69,06 ; $68,51 ; $68,66 ; $67,97 ; $68,90 ; $68,98 ; $68,35 ; $70,16 ; $70,06 ; $69,71 ; $69,94 ; $70,81 ; $71,22 ; $68,44 ; $68,44 ; $67,59 ; $67,08 ; $67,51 ; $66,80 ; $67,04 ; $66,37 ; $66,12 ; $66,79 ; $66,10 ; $66,65 ; $66,10 ; $66,78 ; $66,32 ; $66,04 ; $65,67 ; $65,98 ; $66,45 ; $66,71 ; $66,21 ; $66,43 ; $66,46 ; $67,04 ; $66,24 ; $66,21 ; $67,01 ; $67,62 ; $67,82 ; $67,86 ; $67,43 ; $67,96 ; $68,25 ; $68,99 ; $69,06 ; $68,99 ; $68,36 ; $68,83 ; $68,73 ; $68,93 ; $70,13 ; $70,66 ; $70,70 ; $70,13 ; $69,13 ; $69,92 ; $69,55 
DAL; $64,27 ; $62,15 ; $60,67 ; $58,57 ; $55,97 ; $56,87 ; $57,13 ; $55,76 ; $58,41 ; $59,91 ; $60,48 ; $57,74 ; $58,56 ; $58,88 ; $57,81 ; $58,54 ; $55,65 ; $58,50 ; $57,38 ; $57,12 ; $58,76 ; $57,86 ; $60,45 ; $60,95 ; $58,77 ; $60,00 ; $62,32 ; $61,75 ; $59,64 ; $60,40 ; $61,70 ; $61,27 ; $58,72 ; $57,48 ; $59,57 ; $57,12 ; $56,63 ; $58,26 ; $57,26 ; $57,08 ; $56,11 ; $56,75 ; $57,66 ; $57,20 ; $56,74 ; $57,71 ; $58,75 ; $58,89 ; $59,76 ; $59,47 ; $58,82 ; $57,86 ; $58,42 ; $59,87 ; $60,44 ; $61,39 ; $60,68 ; $61,76 ; $61,18 ; $60,55 ; $61,27 ; $61,13 ; $61,78 ; $61,97 ; $61,26 ; $61,15 ; $60,41 ; $61,69 ; $57,84 ; $59,05 ; $60,50 ; $61,09 ; $60,24 ; $58,96 
UAL; $101,59 ; $98,91 ; $95,62 ; $92,20 ; $90,05 ; $91,33 ; $91,92 ; $89,95 ; $95,03 ; $97,17 ; $99,97 ; $94,95 ; $96,14 ; $97,43 ; $95,72 ; $96,65 ; $90,77 ; $96,11 ; $94,04 ; $93,38 ; $95,93 ; $94,94 ; $98,80 ; $99,31 ; $95,68 ; $96,27 ; $100,11 ; $101,29 ; $99,14 ; $98,19 ; $104,05 ; $103,15 ; $99,25 ; $96,67 ; $101,34 ; $98,09 ; $96,65 ; $97,07 ; $95,33 ; $94,83 ; $93,15 ; $96,50 ; $98,64 ; $97,91 ; $99,15 ; $101,39 ; $104,13 ; $104,18 ; $106,31 ; $105,38 ; $105,51 ; $104,20 ; $104,55 ; $106,58 ; $109,36 ; $107,51 ; $105,65 ; $107,77 ; $106,59 ; $106,05 ; $106,16 ; $104,68 ; $105,00 ; $105,08 ; $104,21 ; $104,13 ; $102,34 ; $102,98 ; $97,19 ; $99,84 ; $102,19 ; $102,37 ; $100,93 ; $99,14 
MAR; $304,65 ; $304,12 ; $296,23 ; $295,84 ; $282,38 ; $284,20 ; $282,90 ; $282,89 ; $285,72 ; $287,43 ; $291,67 ; $291,90 ; $290,47 ; $291,16 ; $281,14 ; $283,07 ; $272,24 ; $263,89 ; $260,58 ; $262,27 ; $263,12 ; $265,46 ; $271,21 ; $271,32 ; $269,70 ; $272,07 ; $268,43 ; $260,00 ; $260,85 ; $259,04 ; $266,19 ; $267,97 ; $263,26 ; $260,20 ; $266,14 ; $267,98 ; $267,45 ; $271,94 ; $267,57 ; $266,40 ; $261,66 ; $260,44 ; $266,82 ; $264,21 ; $260,90 ; $262,14 ; $261,84 ; $264,10 ; $268,52 ; $263,95 ; $262,05 ; $267,89 ; $265,14 ; $266,50 ; $267,94 ; $262,42 ; $264,00 ; $268,07 ; $264,70 ; $268,85 ; $265,07 ; $264,48 ; $267,86 ; $270,25 ; $269,67 ; $267,85 ; $268,60 ; $273,82 ; $262,27 ; $263,53 ; $266,78 ; $266,26 ; $265,20 ; $266,55 
;;;;;;;;;;;;;;;;;;;;;;;;;;;;;;;;;;;;;;;;;;;;;;;;;;;;;;;;;;;;;;;;;;;;;;;;;;
;;;;;;;;;;;;;;;;;;;;;;;;;;;;;;;;;;;;;;;;;;;;;;;;;;;;;;;;;;;;;;;;;;;;;;;;;;
;;;;;;;;;;;;;;;;;;;;;;;;;;;;;;;;;;;;;;;;;;;;;;;;;;;;;;;;;;;;;;;;;;;;;;;;;;
;;;;;;;;;;;;;;;;;;;;;;;;;;;;;;;;;;;;;;;;;;;;;;;;;;;;;;;;;;;;;;;;;;;;;;;;;;
;;;;;;;;;;;;;;;;;;;;;;;;;;;;;;;;;;;;;;;;;;;;;;;;;;;;;;;;;;;;;;;;;;;;;;;;;;
;;;;;;;;;;;;;;;;;;;;;;;;;;;;;;;;;;;;;;;;;;;;;;;;;;;;;;;;;;;;;;;;;;;;;;;;;;
;;;;;;;;;;;;;;;;;;;;;;;;;;;;;;;;;;;;;;;;;;;;;;;;;;;;;;;;;;;;;;;;;;;;;;;;;;
;;;;;;;;;;;;;;;;;;;;;;;;;;;;;;;;;;;;;;;;;;;;;;;;;;;;;;;;;;;;;;;;;;;;;;;;;;
;;;;;;;;;;;;;;;;;;;;;;;;;;;;;;;;;;;;;;;;;;;;;;;;;;;;;;;;;;;;;;;;;;;;;;;;;;
;;;;;;;;;;;;;;;;;;;;;;;;;;;;;;;;;;;;;;;;;;;;;;;;;;;;;;;;;;;;;;;;;;;;;;;;;;
;;;;;;;;;;;;;;;;;;;;;;;;;;;;;;;;;;;;;;;;;;;;;;;;;;;;;;;;;;;;;;;;;;;;;;;;;;
;;;;;;;;;;;;;;;;;;;;;;;;;;;;;;;;;;;;;;;;;;;;;;;;;;;;;;;;;;;;;;;;;;;;;;;;;;
;;;;;;;;;;;;;;;;;;;;;;;;;;;;;;;;;;;;;;;;;;;;;;;;;;;;;;;;;;;;;;;;;;;;;;;;;;
;;;;;;;;;;;;;;;;;;;;;;;;;;;;;;;;;;;;;;;;;;;;;;;;;;;;;;;;;;;;;;;;;;;;;;;;;;
;;;;;;;;;;;;;;;;;;;;;;;;;;;;;;;;;;;;;;;;;;;;;;;;;;;;;;;;;;;;;;;;;;;;;;;;;;
;;;;;;;;;;;;;;;;;;;;;;;;;;;;;;;;;;;;;;;;;;;;;;;;;;;;;;;;;;;;;;;;;;;;;;;;;;
;;;;;;;;;;;;;;;;;;;;;;;;;;;;;;;;;;;;;;;;;;;;;;;;;;;;;;;;;;;;;;;;;;;;;;;;;;
;;;;;;;;;;;;;;;;;;;;;;;;;;;;;;;;;;;;;;;;;;;;;;;;;;;;;;;;;;;;;;;;;;;;;;;;;;
;;;;;;;;;;;;;;;;;;;;;;;;;;;;;;;;;;;;;;;;;;;;;;;;;;;;;;;;;;;;;;;;;;;;;;;;;;
;;;;;;;;;;;;;;;;;;;;;;;;;;;;;;;;;;;;;;;;;;;;;;;;;;;;;;;;;;;;;;;;;;;;;;;;;;
;;;;;;;;;;;;;;;;;;;;;;;;;;;;;;;;;;;;;;;;;;;;;;;;;;;;;;;;;;;;;;;;;;;;;;;;;;
;;;;;;;;;;;;;;;;;;;;;;;;;;;;;;;;;;;;;;;;;;;;;;;;;;;;;;;;;;;;;;;;;;;;;;;;;;
;;;;;;;;;;;;;;;;;;;;;;;;;;;;;;;;;;;;;;;;;;;;;;;;;;;;;;;;;;;;;;;;;;;;;;;;;;
;;;;;;;;;;;;;;;;;;;;;;;;;;;;;;;;;;;;;;;;;;;;;;;;;;;;;;;;;;;;;;;;;;;;;;;;;;
;;;;;;;;;;;;;;;;;;;;;;;;;;;;;;;;;;;;;;;;;;;;;;;;;;;;;;;;;;;;;;;;;;;;;;;;;;
;;;;;;;;;;;;;;;;;;;;;;;;;;;;;;;;;;;;;;;;;;;;;;;;;;;;;;;;;;;;;;;;;;;;;;;;;;
;;;;;;;;;;;;;;;;;;;;;;;;;;;;;;;;;;;;;;;;;;;;;;;;;;;;;;;;;;;;;;;;;;;;;;;;;;
;;;;;;;;;;;;;;;;;;;;;;;;;;;;;;;;;;;;;;;;;;;;;;;;;;;;;;;;;;;;;;;;;;;;;;;;;;
;;;;;;;;;;;;;;;;;;;;;;;;;;;;;;;;;;;;;;;;;;;;;;;;;;;;;;;;;;;;;;;;;;;;;;;;;;
;;;;;;;;;;;;;;;;;;;;;;;;;;;;;;;;;;;;;;;;;;;;;;;;;;;;;;;;;;;;;;;;;;;;;;;;;;
;;;;;;;;;;;;;;;;;;;;;;;;;;;;;;;;;;;;;;;;;;;;;;;;;;;;;;;;;;;;;;;;;;;;;;;;;;
;;;;;;;;;;;;;;;;;;;;;;;;;;;;;;;;;;;;;;;;;;;;;;;;;;;;;;;;;;;;;;;;;;;;;;;;;;
;;;;;;;;;;;;;;;;;;;;;;;;;;;;;;;;;;;;;;;;;;;;;;;;;;;;;;;;;;;;;;;;;;;;;;;;;;
;;;;;;;;;;;;;;;;;;;;;;;;;;;;;;;;;;;;;;;;;;;;;;;;;;;;;;;;;;;;;;;;;;;;;;;;;;
;;;;;;;;;;;;;;;;;;;;;;;;;;;;;;;;;;;;;;;;;;;;;;;;;;;;;;;;;;;;;;;;;;;;;;;;;;
;;;;;;;;;;;;;;;;;;;;;;;;;;;;;;;;;;;;;;;;;;;;;;;;;;;;;;;;;;;;;;;;;;;;;;;;;;
;;;;;;;;;;;;;;;;;;;;;;;;;;;;;;;;;;;;;;;;;;;;;;;;;;;;;;;;;;;;;;;;;;;;;;;;;;
;;;;;;;;;;;;;;;;;;;;;;;;;;;;;;;;;;;;;;;;;;;;;;;;;;;;;;;;;;;;;;;;;;;;;;;;;;
;;;;;;;;;;;;;;;;;;;;;;;;;;;;;;;;;;;;;;;;;;;;;;;;;;;;;;;;;;;;;;;;;;;;;;;;;;
;;;;;;;;;;;;;;;;;;;;;;;;;;;;;;;;;;;;;;;;;;;;;;;;;;;;;;;;;;;;;;;;;;;;;;;;;;
;;;;;;;;;;;;;;;;;;;;;;;;;;;;;;;;;;;;;;;;;;;;;;;;;;;;;;;;;;;;;;;;;;;;;;;;;;
;;;;;;;;;;;;;;;;;;;;;;;;;;;;;;;;;;;;;;;;;;;;;;;;;;;;;;;;;;;;;;;;;;;;;;;;;;
;;;;;;;;;;;;;;;;;;;;;;;;;;;;;;;;;;;;;;;;;;;;;;;;;;;;;;;;;;;;;;;;;;;;;;;;;;
;;;;;;;;;;;;;;;;;;;;;;;;;;;;;;;;;;;;;;;;;;;;;;;;;;;;;;;;;;;;;;;;;;;;;;;;;;
;;;;;;;;;;;;;;;;;;;;;;;;;;;;;;;;;;;;;;;;;;;;;;;;;;;;;;;;;;;;;;;;;;;;;;;;;;
;;;;;;;;;;;;;;;;;;;;;;;;;;;;;;;;;;;;;;;;;;;;;;;;;;;;;;;;;;;;;;;;;;;;;;;;;;
;;;;;;;;;;;;;;;;;;;;;;;;;;;;;;;;;;;;;;;;;;;;;;;;;;;;;;;;;;;;;;;;;;;;;;;;;;
;;;;;;;;;;;;;;;;;;;;;;;;;;;;;;;;;;;;;;;;;;;;;;;;;;;;;;;;;;;;;;;;;;;;;;;;;;
;;;;;;;;;;;;;;;;;;;;;;;;;;;;;;;;;;;;;;;;;;;;;;;;;;;;;;;;;;;;;;;;;;;;;;;;;;
;;;;;;;;;;;;;;;;;;;;;;;;;;;;;;;;;;;;;;;;;;;;;;;;;;;;;;;;;;;;;;;;;;;;;;;;;;
;;;;;;;;;;;;;;;;;;;;;;;;;;;;;;;;;;;;;;;;;;;;;;;;;;;;;;;;;;;;;;;;;;;;;;;;;;
;;;;;;;;;;;;;;;;;;;;;;;;;;;;;;;;;;;;;;;;;;;;;;;;;;;;;;;;;;;;;;;;;;;;;;;;;;
;;;;;;;;;;;;;;;;;;;;;;;;;;;;;;;;;;;;;;;;;;;;;;;;;;;;;;;;;;;;;;;;;;;;;;;;;;
;;;;;;;;;;;;;;;;;;;;;;;;;;;;;;;;;;;;;;;;;;;;;;;;;;;;;;;;;;;;;;;;;;;;;;;;;;
;;;;;;;;;;;;;;;;;;;;;;;;;;;;;;;;;;;;;;;;;;;;;;;;;;;;;;;;;;;;;;;;;;;;;;;;;;
;;;;;;;;;;;;;;;;;;;;;;;;;;;;;;;;;;;;;;;;;;;;;;;;;;;;;;;;;;;;;;;;;;;;;;;;;;
;;;;;;;;;;;;;;;;;;;;;;;;;;;;;;;;;;;;;;;;;;;;;;;;;;;;;;;;;;;;;;;;;;;;;;;;;;
;;;;;;;;;;;;;;;;;;;;;;;;;;;;;;;;;;;;;;;;;;;;;;;;;;;;;;;;;;;;;;;;;;;;;;;;;;
;;;;;;;;;;;;;;;;;;;;;;;;;;;;;;;;;;;;;;;;;;;;;;;;;;;;;;;;;;;;;;;;;;;;;;;;;;
;;;;;;;;;;;;;;;;;;;;;;;;;;;;;;;;;;;;;;;;;;;;;;;;;;;;;;;;;;;;;;;;;;;;;;;;;;
;;;;;;;;;;;;;;;;;;;;;;;;;;;;;;;;;;;;;;;;;;;;;;;;;;;;;;;;;;;;;;;;;;;;;;;;;;
;;;;;;;;;;;;;;;;;;;;;;;;;;;;;;;;;;;;;;;;;;;;;;;;;;;;;;;;;;;;;;;;;;;;;;;;;;
;;;;;;;;;;;;;;;;;;;;;;;;;;;;;;;;;;;;;;;;;;;;;;;;;;;;;;;;;;;;;;;;;;;;;;;;;;
;;;;;;;;;;;;;;;;;;;;;;;;;;;;;;;;;;;;;;;;;;;;;;;;;;;;;;;;;;;;;;;;;;;;;;;;;;
;;;;;;;;;;;;;;;;;;;;;;;;;;;;;;;;;;;;;;;;;;;;;;;;;;;;;;;;;;;;;;;;;;;;;;;;;;
;;;;;;;;;;;;;;;;;;;;;;;;;;;;;;;;;;;;;;;;;;;;;;;;;;;;;;;;;;;;;;;;;;;;;;;;;;
;;;;;;;;;;;;;;;;;;;;;;;;;;;;;;;;;;;;;;;;;;;;;;;;;;;;;;;;;;;;;;;;;;;;;;;;;;
;;;;;;;;;;;;;;;;;;;;;;;;;;;;;;;;;;;;;;;;;;;;;;;;;;;;;;;;;;;;;;;;;;;;;;;;;;
;;;;;;;;;;;;;;;;;;;;;;;;;;;;;;;;;;;;;;;;;;;;;;;;;;;;;;;;;;;;;;;;;;;;;;;;;;
;;;;;;;;;;;;;;;;;;;;;;;;;;;;;;;;;;;;;;;;;;;;;;;;;;;;;;;;;;;;;;;;;;;;;;;;;;
;;;;;;;;;;;;;;;;;;;;;;;;;;;;;;;;;;;;;;;;;;;;;;;;;;;;;;;;;;;;;;;;;;;;;;;;;;
;;;;;;;;;;;;;;;;;;;;;;;;;;;;;;;;;;;;;;;;;;;;;;;;;;;;;;;;;;;;;;;;;;;;;;;;;;
;;;;;;;;;;;;;;;;;;;;;;;;;;;;;;;;;;;;;;;;;;;;;;;;;;;;;;;;;;;;;;;;;;;;;;;;;;
;;;;;;;;;;;;;;;;;;;;;;;;;;;;;;;;;;;;;;;;;;;;;;;;;;;;;;;;;;;;;;;;;;;;;;;;;;
;;;;;;;;;;;;;;;;;;;;;;;;;;;;;;;;;;;;;;;;;;;;;;;;;;;;;;;;;;;;;;;;;;;;;;;;;;
;;;;;;;;;;;;;;;;;;;;;;;;;;;;;;;;;;;;;;;;;;;;;;;;;;;;;;;;;;;;;;;;;;;;;;;;;;
;;;;;;;;;;;;;;;;;;;;;;;;;;;;;;;;;;;;;;;;;;;;;;;;;;;;;;;;;;;;;;;;;;;;;;;;;;
;;;;;;;;;;;;;;;;;;;;;;;;;;;;;;;;;;;;;;;;;;;;;;;;;;;;;;;;;;;;;;;;;;;;;;;;;;
;;;;;;;;;;;;;;;;;;;;;;;;;;;;;;;;;;;;;;;;;;;;;;;;;;;;;;;;;;;;;;;;;;;;;;;;;;
;;;;;;;;;;;;;;;;;;;;;;;;;;;;;;;;;;;;;;;;;;;;;;;;;;;;;;;;;;;;;;;;;;;;;;;;;;
;;;;;;;;;;;;;;;;;;;;;;;;;;;;;;;;;;;;;;;;;;;;;;;;;;;;;;;;;;;;;;;;;;;;;;;;;;
;;;;;;;;;;;;;;;;;;;;;;;;;;;;;;;;;;;;;;;;;;;;;;;;;;;;;;;;;;;;;;;;;;;;;;;;;;
;;;;;;;;;;;;;;;;;;;;;;;;;;;;;;;;;;;;;;;;;;;;;;;;;;;;;;;;;;;;;;;;;;;;;;;;;;
;;;;;;;;;;;;;;;;;;;;;;;;;;;;;;;;;;;;;;;;;;;;;;;;;;;;;;;;;;;;;;;;;;;;;;;;;;
;;;;;;;;;;;;;;;;;;;;;;;;;;;;;;;;;;;;;;;;;;;;;;;;;;;;;;;;;;;;;;;;;;;;;;;;;;
;;;;;;;;;;;;;;;;;;;;;;;;;;;;;;;;;;;;;;;;;;;;;;;;;;;;;;;;;;;;;;;;;;;;;;;;;;
;;;;;;;;;;;;;;;;;;;;;;;;;;;;;;;;;;;;;;;;;;;;;;;;;;;;;;;;;;;;;;;;;;;;;;;;;;
;;;;;;;;;;;;;;;;;;;;;;;;;;;;;;;;;;;;;;;;;;;;;;;;;;;;;;;;;;;;;;;;;;;;;;;;;;
;;;;;;;;;;;;;;;;;;;;;;;;;;;;;;;;;;;;;;;;;;;;;;;;;;;;;;;;;;;;;;;;;;;;;;;;;;
;;;;;;;;;;;;;;;;;;;;;;;;;;;;;;;;;;;;;;;;;;;;;;;;;;;;;;;;;;;;;;;;;;;;;;;;;;
;;;;;;;;;;;;;;;;;;;;;;;;;;;;;;;;;;;;;;;;;;;;;;;;;;;;;;;;;;;;;;;;;;;;;;;;;;
